record_id,category,is_duplicate,is_novel,top1_score,ranked_ids,ranked_scores,search_error
ev-001,duplicate,True,False,0.8444803933238335,"1102,3056,2474,2588,224,5883,13604,5312,1975,5374,5244,5213,2811,14580,2583,15010,5554,288,4176,13276","0.8445,0.8412,0.8380,0.8242,0.8238,0.8219,0.8216,0.8208,0.8203,0.8200,0.8199,0.8195,0.8194,0.8180,0.8176,0.8175,0.8163,0.8156,0.8143,0.8138",
ev-002,duplicate,True,False,0.8861796490061074,"245,5558,319,4194,5355,3185,2961,14480,2287,2442,5796,2597,4783,3064,1502,578,5683,524,1102,5948","0.8862,0.8777,0.8654,0.8597,0.8592,0.8503,0.8489,0.8487,0.8486,0.8473,0.8468,0.8453,0.8430,0.8428,0.8417,0.8404,0.8386,0.8382,0.8377,0.8369",
ev-003,duplicate,True,False,0.8667050113292043,"5531,300,2848,13670,470,2786,630,2954,5680,5234,4495,3027,3266,562,1984,1577,12615,13796,3215,2577","0.8667,0.8656,0.8632,0.8618,0.8605,0.8595,0.8516,0.8485,0.8483,0.8478,0.8477,0.8467,0.8466,0.8450,0.8449,0.8444,0.8430,0.8417,0.8401,0.8394",
ev-004,duplicate,True,False,0.8576978445053101,"562,307,764,300,2786,4372,2954,4300,6029,908,3266,5234,2064,4918,2169,2587,2163,5531,2946,3276","0.8577,0.8479,0.8459,0.8438,0.8426,0.8354,0.8350,0.8341,0.8333,0.8308,0.8294,0.8292,0.8287,0.8269,0.8248,0.8246,0.8243,0.8235,0.8231,0.8228",
ev-005,duplicate,True,False,0.859850915657066,"2864,4024,476,5381,736,5500,5287,2113,3276,869,5694,4447,574,460,1911,4579,5509,5680,4904,1530","0.8599,0.8536,0.8398,0.8390,0.8359,0.8352,0.8258,0.8253,0.8235,0.8210,0.8206,0.8188,0.8169,0.8161,0.8154,0.8152,0.8142,0.8136,0.8135,0.8132",
ev-006,duplicate,True,False,0.8854892390383224,"476,4024,5611,2864,3934,1062,5442,6076,4768,2171,3761,3597,1784,2250,2463,5934,2238,2632,4002,449","0.8855,0.8469,0.8312,0.8290,0.8251,0.8239,0.8238,0.8225,0.8219,0.8195,0.8185,0.8153,0.8144,0.8137,0.8135,0.8125,0.8123,0.8122,0.8120,0.8109",
ev-007,duplicate,True,False,0.927063716264478,"571,2823,257,14861,13137,5713,3951,5857,551,5824,2714,3921,4184,5573,13076,4816,643,5578,5781,5492","0.9271,0.9094,0.9073,0.8968,0.8936,0.8935,0.8850,0.8845,0.8745,0.8722,0.8667,0.8606,0.8604,0.8596,0.8589,0.8585,0.8567,0.8556,0.8549,0.8546",
ev-008,duplicate,True,False,0.8729598411035666,"12738,3226,15816,12081,571,257,14236,15025,2823,13493,5578,3008,5857,1748,551,13507,235,5211,12700,15851","0.8730,0.8714,0.8614,0.8550,0.8527,0.8514,0.8483,0.8480,0.8442,0.8437,0.8435,0.8417,0.8409,0.8404,0.8402,0.8397,0.8387,0.8386,0.8360,0.8355",
ev-009,duplicate,True,False,0.8608233664456924,"3862,659,5997,2190,3797,6050,4954,4085,1384,1544,1841,736,4904,4632,2657,416,4755,5016,1559,2426","0.8608,0.8392,0.8302,0.8302,0.8237,0.8202,0.8180,0.8179,0.8172,0.8076,0.8071,0.8065,0.8057,0.8055,0.8032,0.8030,0.8028,0.8027,0.8023,0.8019",
ev-010,duplicate,True,False,0.8398642647104604,"6050,659,4954,416,1710,6037,5328,2460,2238,4746,5296,4159,5497,4085,574,502,1841,736,5997,2654","0.8399,0.8338,0.8294,0.8275,0.8215,0.8199,0.8156,0.8155,0.8117,0.8111,0.8110,0.8099,0.8093,0.8088,0.8084,0.8083,0.8069,0.8052,0.8044,0.8043",
ev-011,duplicate,True,False,0.8691169775584989,"1489,2742,5866,5129,268,1643,4904,4471,1824,1615,2048,4674,4440,5389,1841,5715,15565,5381,5509,12427","0.8691,0.8645,0.8605,0.8541,0.8507,0.8499,0.8467,0.8459,0.8421,0.8411,0.8402,0.8401,0.8374,0.8366,0.8354,0.8354,0.8354,0.8344,0.8329,0.8313",
ev-012,duplicate,True,False,0.8721423301527134,"703,5866,2483,5234,604,4220,2948,12977,5873,3010,4471,5981,5569,3200,5700,5729,1489,2972,996,5931","0.8721,0.8594,0.8529,0.8517,0.8511,0.8475,0.8463,0.8414,0.8384,0.8370,0.8364,0.8361,0.8324,0.8322,0.8314,0.8312,0.8308,0.8308,0.8301,0.8296",
ev-013,duplicate,True,False,0.9299716776660072,"753,5432,2042,3489,3625,4703,2390,2067,1105,1479,14161,5239,2417,3275,12315,1165,1239,4971,4721,4319","0.9300,0.8835,0.8657,0.8647,0.8416,0.8354,0.8350,0.8308,0.8298,0.8285,0.8275,0.8272,0.8240,0.8209,0.8203,0.8198,0.8197,0.8166,0.8166,0.8160",
ev-014,duplicate,True,False,0.9527548607880075,"753,3489,1479,5432,3275,646,3132,12645,2237,4971,5463,5296,5387,504,4118,6037,3053,3127,4637,5734","0.9528,0.8664,0.8498,0.8452,0.8434,0.8387,0.8370,0.8347,0.8346,0.8339,0.8338,0.8336,0.8332,0.8319,0.8317,0.8309,0.8297,0.8261,0.8260,0.8253",
ev-015,duplicate,True,False,0.8538392782211328,"1235,1098,1967,744,38718,1041,1630,3601,534,699,3683,5989,3399,5905,6023,2546,3127,4730,5927,2473","0.8538,0.8262,0.8141,0.8104,0.8047,0.8011,0.7959,0.7955,0.7953,0.7931,0.7914,0.7890,0.7890,0.7879,0.7871,0.7849,0.7848,0.7829,0.7825,0.7823",
ev-016,duplicate,True,False,0.8366380924037535,"1235,969,1993,2473,4724,1203,5439,4252,4994,802,1098,4778,1851,5293,3312,4534,965,2273,554,4370","0.8366,0.8168,0.8142,0.8078,0.8037,0.7910,0.7904,0.7900,0.7875,0.7874,0.7865,0.7837,0.7813,0.7811,0.7798,0.7794,0.7791,0.7788,0.7787,0.7786",
ev-017,duplicate,True,False,0.884419812629248,"772,14373,5041,1503,3010,15869,579,12252,1808,15119,12166,5421,14124,15500,12388,3007,13782,1450,15919,3226","0.8844,0.8756,0.8753,0.8675,0.8651,0.8610,0.8557,0.8551,0.8536,0.8536,0.8512,0.8502,0.8490,0.8489,0.8484,0.8477,0.8465,0.8464,0.8458,0.8453",
ev-018,duplicate,True,False,0.8539900165209199,"5041,3010,1808,12154,5382,3022,5883,12252,13689,349,12821,2926,5756,15923,13919,15500,14312,2296,772,2948","0.8540,0.8535,0.8436,0.8433,0.8396,0.8367,0.8350,0.8347,0.8342,0.8337,0.8332,0.8327,0.8321,0.8297,0.8291,0.8290,0.8289,0.8285,0.8277,0.8273",
ev-019,duplicate,True,False,0.9153654625794082,"5623,1888,4613,5102,4878,2269,5065,2885,4743,4751,15701,5095,2161,2420,5927,5057,4671,5142,2205,3198","0.9154,0.8873,0.8608,0.8576,0.8558,0.8474,0.8429,0.8320,0.8245,0.8227,0.8222,0.8222,0.8222,0.8216,0.8214,0.8210,0.8200,0.8188,0.8184,0.8180",
ev-020,duplicate,True,False,0.8940558920998773,"1888,4664,2328,1714,5623,5022,982,5065,2018,1842,4319,4884,1948,1094,3564,4151,5143,3553,1920,2742","0.8941,0.8796,0.8675,0.8628,0.8601,0.8576,0.8531,0.8527,0.8505,0.8503,0.8491,0.8484,0.8483,0.8437,0.8431,0.8417,0.8416,0.8410,0.8406,0.8404",
ev-021,duplicate,True,False,0.827410738026461,"2440,982,1419,1062,4879,3748,12892,5617,1120,3304,1700,1898,1305,3664,3594,1877,4167,990,5913,12455","0.8274,0.8270,0.8224,0.8205,0.8108,0.8092,0.8063,0.8033,0.8029,0.8023,0.8002,0.8001,0.8001,0.7984,0.7984,0.7983,0.7972,0.7953,0.7943,0.7937",
ev-022,duplicate,True,False,0.8584601581096649,"1898,4879,12892,1120,1062,14000,2558,3404,3594,4229,4379,1419,3748,1283,12375,2838,3970,5191,2003,1417","0.8585,0.8247,0.8148,0.8143,0.8131,0.8117,0.8111,0.8076,0.8070,0.8059,0.8046,0.8037,0.8034,0.8028,0.8020,0.8010,0.8008,0.7987,0.7978,0.7974",
ev-023,duplicate,True,False,0.9064046023367552,"2169,239,4142,4422,6077,1456,764,4671,1597,4983,1864,2998,5247,3070,2933,5453,4216,262,3261,1193","0.9064,0.8665,0.8539,0.8429,0.8410,0.8408,0.8367,0.8322,0.8315,0.8299,0.8291,0.8264,0.8248,0.8226,0.8219,0.8209,0.8205,0.8201,0.8194,0.8191",
ev-024,duplicate,True,False,0.8769139906543042,"2169,2289,1107,3871,3558,3636,3607,872,3709,2440,5118,4751,2064,1562,1842,5143,3384,4918,3594,764","0.8769,0.8502,0.8346,0.8332,0.8313,0.8296,0.8291,0.8278,0.8273,0.8261,0.8254,0.8251,0.8199,0.8191,0.8172,0.8160,0.8158,0.8155,0.8140,0.8137",
ev-025,duplicate,True,False,0.8666221092157942,"2288,5595,2164,1686,5392,2308,2500,2271,1384,5383,4869,3870,5825,1530,2487,1501,6057,378,4298,4046","0.8666,0.8562,0.8526,0.8486,0.8446,0.8438,0.8415,0.8401,0.8315,0.8305,0.8304,0.8175,0.8166,0.8163,0.8148,0.8139,0.8120,0.8119,0.8105,0.8092",
ev-026,duplicate,True,False,0.8496128424886717,"3913,3975,2308,1638,4112,5925,5595,2164,2271,5392,1686,1725,4593,1921,4353,3602,4293,5979,1547,4869","0.8496,0.8458,0.8442,0.8418,0.8383,0.8370,0.8334,0.8314,0.8289,0.8274,0.8136,0.8136,0.8106,0.8103,0.8099,0.8089,0.8086,0.8077,0.8070,0.8062",
ev-027,duplicate,True,False,0.9090425196004667,"4152,5974,2595,4170,5322,2133,5573,3145,657,5578,12938,14514,5814,698,14671,14628,1847,5758,4184,2845","0.9090,0.8813,0.8806,0.8767,0.8719,0.8681,0.8629,0.8598,0.8591,0.8528,0.8512,0.8503,0.8491,0.8489,0.8485,0.8470,0.8452,0.8452,0.8445,0.8442",
ev-028,duplicate,True,False,0.8447453174146826,"5274,5675,4152,13427,5348,13052,2070,5532,3035,935,2319,5175,4235,4170,3533,2810,15416,1065,5974,2845","0.8447,0.8436,0.8411,0.8391,0.8373,0.8336,0.8322,0.8289,0.8263,0.8256,0.8243,0.8238,0.8230,0.8223,0.8192,0.8183,0.8179,0.8167,0.8166,0.8123",
ev-029,duplicate,True,False,0.8538277465547098,"2288,5825,1934,5728,1686,1501,3452,4096,2772,1547,2541,2164,3654,1573,2173,3765,1384,3678,5383,1491","0.8538,0.8452,0.8384,0.8268,0.8264,0.8257,0.8224,0.8217,0.8166,0.8146,0.8129,0.8094,0.8092,0.8079,0.8069,0.8068,0.8048,0.8042,0.8020,0.8013",
ev-030,duplicate,True,False,0.8560687773145728,"1686,5371,5825,2577,3654,1263,6057,4922,1921,5740,2164,3135,5541,3602,393,3000,1445,5794,281,5235","0.8561,0.8509,0.8476,0.8469,0.8466,0.8457,0.8434,0.8425,0.8375,0.8362,0.8349,0.8348,0.8348,0.8344,0.8321,0.8301,0.8285,0.8281,0.8271,0.8268",
ev-031,duplicate,True,False,0.8783764170632617,"545,312,718,3014,5780,351,2024,5500,2742,5811,2719,2563,6007,3236,1841,1824,5671,529,5470,2659","0.8784,0.8784,0.8693,0.8692,0.8644,0.8641,0.8633,0.8628,0.8613,0.8589,0.8588,0.8584,0.8580,0.8530,0.8529,0.8528,0.8528,0.8524,0.8518,0.8512",
ev-032,duplicate,True,False,0.8972405970918971,"2676,5780,251,764,2022,356,2120,2012,4973,5292,2719,2423,6077,5896,2410,1324,4791,523,364,495","0.8972,0.8887,0.8792,0.8711,0.8701,0.8694,0.8633,0.8600,0.8598,0.8593,0.8581,0.8578,0.8573,0.8565,0.8546,0.8526,0.8522,0.8522,0.8522,0.8522",
ev-033,duplicate,True,False,0.9116017923829832,"3093,2911,3184,5840,534,4892,4441,3265,5772,5481,5715,4413,5312,222,5788,2677,297,2613,1342,5872","0.9116,0.8499,0.8493,0.8464,0.8430,0.8369,0.8338,0.8309,0.8297,0.8283,0.8243,0.8241,0.8223,0.8214,0.8198,0.8185,0.8165,0.8151,0.8143,0.8140",
ev-034,duplicate,True,False,0.8452731966972351,"1237,3127,3249,3030,13957,534,360,674,3093,397,13423,3001,6129,604,5729,3184,2868,767,5735,5715","0.8453,0.8417,0.8370,0.8246,0.8242,0.8148,0.8143,0.8137,0.8135,0.8132,0.8114,0.8105,0.8099,0.8086,0.8082,0.8071,0.8067,0.8066,0.8065,0.8064",
ev-035,duplicate,True,False,0.8693489918306785,"3133,5896,5854,3250,4791,4471,3045,4726,5569,4843,5966,3037,6129,430,6072,428,6048,2724,1829,3270","0.8693,0.8673,0.8568,0.8542,0.8540,0.8526,0.8511,0.8483,0.8477,0.8468,0.8460,0.8442,0.8426,0.8405,0.8399,0.8394,0.8384,0.8369,0.8348,0.8344",
ev-036,duplicate,True,False,0.9044558760848127,"5569,5896,4726,6072,3270,3133,428,495,4471,297,2423,3250,280,5709,6077,5249,305,4791,5700,3849","0.9045,0.8999,0.8975,0.8893,0.8864,0.8818,0.8810,0.8790,0.8768,0.8763,0.8762,0.8739,0.8719,0.8713,0.8704,0.8701,0.8672,0.8639,0.8622,0.8604",
ev-037,duplicate,True,False,0.852417989579616,"3381,1470,979,3057,2789,3594,2424,3854,3858,2198,2680,1501,2792,14265,6059,1635,3636,291,2541,2279","0.8524,0.8460,0.8408,0.8392,0.8355,0.8337,0.8336,0.8332,0.8307,0.8305,0.8304,0.8291,0.8258,0.8239,0.8237,0.8234,0.8233,0.8228,0.8223,0.8209",
ev-038,duplicate,True,False,0.8727584930946266,"5290,4318,291,2545,5821,1766,2727,2938,5740,1102,1470,979,4558,5370,3668,219,3057,5214,5156,5203","0.8728,0.8683,0.8610,0.8591,0.8527,0.8519,0.8513,0.8407,0.8346,0.8333,0.8322,0.8298,0.8297,0.8297,0.8294,0.8276,0.8264,0.8263,0.8263,0.8260",
ev-039,duplicate,True,False,0.8878864992755504,"4834,2516,5197,605,5811,6068,5536,2483,14814,712,5870,12450,1846,5903,410,731,4199,4152,364,2676","0.8879,0.8686,0.8640,0.8582,0.8491,0.8479,0.8462,0.8430,0.8422,0.8378,0.8372,0.8334,0.8313,0.8295,0.8287,0.8269,0.8268,0.8256,0.8255,0.8255",
ev-040,duplicate,True,False,0.8869019679368721,"4834,5811,2516,2079,5830,5197,5536,2563,15098,5973,4109,1417,6068,2003,3149,3761,4785,4379,718,4876","0.8869,0.8731,0.8541,0.8509,0.8479,0.8434,0.8414,0.8412,0.8404,0.8379,0.8379,0.8350,0.8339,0.8335,0.8332,0.8316,0.8312,0.8310,0.8291,0.8280",
ev-041,novel,False,True,0.8194301223585048,"460,2868,5496,5371,13689,5881,5717,5686,3185,5794,2287,341,3076,4903,5781,5273,2948,5634,2564,5774","0.8194,0.8161,0.8136,0.8134,0.8123,0.8109,0.8106,0.8101,0.8094,0.8085,0.8073,0.8064,0.8049,0.8048,0.8048,0.8040,0.8031,0.8027,0.8022,0.8015",
ev-042,novel,False,True,0.8042466161104123,"4802,5078,1582,4488,1069,5890,2107,14673,4763,3819,4017,1400,2497,1970,4068,4196,1382,1240,1364,3480","0.8042,0.8032,0.7923,0.7921,0.7919,0.7918,0.7879,0.7879,0.7869,0.7830,0.7829,0.7792,0.7786,0.7780,0.7765,0.7748,0.7746,0.7741,0.7737,0.7736",
ev-043,novel,False,True,0.8174517561524065,"38351,905,5191,1866,38022,993,3441,2137,4680,13354,1044,2861,14663,15441,1945,3488,1689,5686,5785,5500","0.8175,0.7938,0.7919,0.7917,0.7804,0.7802,0.7791,0.7791,0.7790,0.7769,0.7768,0.7753,0.7748,0.7724,0.7716,0.7706,0.7702,0.7687,0.7678,0.7672",
ev-044,novel,False,True,0.8168343305587791,"2297,4015,5534,5602,539,1496,38674,329,1906,3476,1105,1028,5155,4589,894,1784,4813,4559,5116,1402","0.8168,0.8027,0.8008,0.7937,0.7900,0.7896,0.7878,0.7865,0.7862,0.7861,0.7837,0.7828,0.7815,0.7815,0.7799,0.7799,0.7797,0.7795,0.7788,0.7785",
ev-045,novel,False,True,0.7842404076909781,"1160,6048,1041,4441,1509,3266,3218,385,5866,2952,2908,1367,1516,2123,5709,416,4031,5794,4140,3779","0.7842,0.7809,0.7761,0.7723,0.7721,0.7720,0.7718,0.7712,0.7706,0.7662,0.7650,0.7649,0.7638,0.7627,0.7621,0.7611,0.7611,0.7609,0.7608,0.7605",
ev-046,novel,False,True,0.7897605818081963,"4379,3434,5524,2113,2710,4865,742,1530,2300,4529,4253,5067,4621,5218,869,4216,1384,2948,2163,2842","0.7898,0.7882,0.7839,0.7830,0.7828,0.7817,0.7794,0.7790,0.7785,0.7776,0.7770,0.7746,0.7735,0.7725,0.7721,0.7718,0.7712,0.7710,0.7707,0.7707",
ev-047,novel,False,True,0.829390596296645,"993,4120,38022,5756,823,13354,38415,38664,4879,1856,5191,366,1689,871,4733,1422,3469,2397,1407,4365","0.8294,0.8170,0.8163,0.8051,0.8025,0.8013,0.7939,0.7924,0.7911,0.7900,0.7885,0.7879,0.7875,0.7874,0.7845,0.7830,0.7824,0.7817,0.7797,0.7790",
ev-048,novel,False,True,0.8144089690203095,"3850,3983,1815,13456,12033,12358,14789,13719,12888,14788,14783,14785,15425,5862,13491,14786,15792,2909,12800,14784","0.8144,0.8045,0.7919,0.7908,0.7876,0.7835,0.7830,0.7825,0.7777,0.7740,0.7740,0.7738,0.7730,0.7715,0.7687,0.7673,0.7656,0.7651,0.7650,0.7641",
ev-049,novel,False,True,0.7916102831595972,"38068,37951,38694,14713,37967,3754,12918,38578,38705,2223,38127,1632,5191,15313,3142,3909,15738,1622,1305,15170","0.7916,0.7911,0.7910,0.7814,0.7796,0.7784,0.7776,0.7757,0.7732,0.7723,0.7706,0.7705,0.7686,0.7679,0.7679,0.7678,0.7669,0.7665,0.7657,0.7648",
ev-050,novel,False,True,0.7763447596821376,"38163,3819,5550,37894,1294,5908,595,4648,13560,12271,3859,4441,1873,5211,441,237,630,1840,5684,2283","0.7763,0.7758,0.7741,0.7709,0.7665,0.7658,0.7624,0.7623,0.7614,0.7609,0.7599,0.7590,0.7584,0.7584,0.7583,0.7581,0.7567,0.7565,0.7564,0.7559",
ev-051,novel,False,True,0.8104133235915536,"3752,1866,2514,2592,2091,4977,3502,4799,5053,3919,3410,2080,867,2103,4367,5139,4815,3363,3864,3393","0.8104,0.8087,0.8085,0.8068,0.8048,0.8047,0.8018,0.7975,0.7967,0.7935,0.7907,0.7878,0.7865,0.7851,0.7845,0.7839,0.7837,0.7837,0.7836,0.7819",
ev-052,novel,False,True,0.8427665829658606,"823,4104,3430,4437,3469,1676,11963,993,1496,2397,13240,14365,894,4140,5640,12316,38261,802,886,12637","0.8428,0.8031,0.7993,0.7989,0.7986,0.7961,0.7959,0.7958,0.7957,0.7923,0.7892,0.7880,0.7878,0.7849,0.7846,0.7842,0.7835,0.7831,0.7823,0.7810",
ev-053,novel,False,True,0.8229009316622662,"518,2948,2215,5778,13919,5695,224,3022,2483,5533,12924,5617,5686,5863,2811,38507,14837,627,5354,2836","0.8229,0.8102,0.7981,0.7965,0.7933,0.7913,0.7896,0.7893,0.7875,0.7872,0.7856,0.7835,0.7828,0.7809,0.7799,0.7799,0.7796,0.7788,0.7779,0.7779",
ev-054,novel,False,True,0.786842184474599,"2141,5042,3395,1039,2793,1065,5135,15135,827,884,3480,14171,14030,3299,309,225,1905,5640,3770,15665","0.7868,0.7845,0.7824,0.7788,0.7770,0.7742,0.7705,0.7689,0.7688,0.7675,0.7674,0.7672,0.7669,0.7669,0.7658,0.7655,0.7639,0.7632,0.7632,0.7630",
ev-055,novel,False,True,0.7959886436475961,"1836,2389,15773,15772,1077,11967,12699,38106,1030,3053,38374,14026,38127,5069,894,38369,38088,13265,3764,13562","0.7960,0.7922,0.7861,0.7851,0.7839,0.7796,0.7766,0.7764,0.7731,0.7722,0.7699,0.7693,0.7689,0.7681,0.7679,0.7673,0.7660,0.7638,0.7631,0.7628",
ev-056,novel,False,True,0.829710543803476,"4559,5534,3088,4015,5432,2297,2174,4550,4355,4566,1496,3548,38126,37934,1132,4338,3859,3855,1451,5936","0.8297,0.8046,0.8045,0.7976,0.7962,0.7959,0.7955,0.7950,0.7949,0.7947,0.7938,0.7932,0.7912,0.7911,0.7908,0.7907,0.7886,0.7881,0.7872,0.7861",
ev-057,novel,False,True,0.8316366672515869,"847,1044,1394,5890,4364,1095,4680,366,2245,2788,1195,4815,939,718,1103,4977,3534,2145,867,3349","0.8316,0.8224,0.8211,0.8195,0.8183,0.8059,0.8058,0.8058,0.8024,0.8024,0.7963,0.7953,0.7942,0.7919,0.7916,0.7875,0.7841,0.7835,0.7832,0.7828",
ev-058,novel,False,True,0.8120102882385254,"13507,14941,5684,5432,13560,4305,3514,308,874,2157,37894,282,4730,4559,1496,14282,5534,4566,37902,3229","0.8120,0.8099,0.8040,0.8015,0.7950,0.7932,0.7927,0.7912,0.7907,0.7896,0.7892,0.7892,0.7892,0.7890,0.7884,0.7873,0.7872,0.7868,0.7866,0.7865",
ev-059,novel,False,True,0.8131219407552663,"2330,5512,867,4977,5027,5435,5838,2200,5567,2085,2004,3752,5142,3553,1090,5694,5133,3349,2047,5525","0.8131,0.8055,0.8040,0.8009,0.7908,0.7903,0.7894,0.7865,0.7852,0.7851,0.7842,0.7837,0.7830,0.7818,0.7796,0.7790,0.7788,0.7787,0.7785,0.7775",
ev-060,novel,False,True,0.8102929890155881,"4932,5381,747,3459,628,14282,701,5534,5877,2505,1160,4437,37836,4242,1756,4183,1077,15892,3731,3677","0.8103,0.8055,0.7986,0.7974,0.7968,0.7966,0.7965,0.7959,0.7955,0.7942,0.7906,0.7902,0.7897,0.7887,0.7872,0.7871,0.7869,0.7867,0.7866,0.7862",
ev-061,novel,False,True,0.8069098408871989,"12858,3405,5890,2788,3641,3502,366,793,3752,3386,1390,939,38109,2257,787,3391,5198,1027,973,2245","0.8069,0.8050,0.7998,0.7952,0.7912,0.7898,0.7837,0.7773,0.7730,0.7721,0.7719,0.7704,0.7700,0.7694,0.7671,0.7666,0.7658,0.7657,0.7649,0.7648",
ev-062,novel,False,True,0.8010226010666732,"3949,37883,38299,882,2542,37916,3090,2984,5530,261,4561,2074,38552,38125,3195,434,5242,3146,854,2425","0.8010,0.8004,0.7926,0.7913,0.7881,0.7873,0.7852,0.7842,0.7813,0.7758,0.7756,0.7749,0.7748,0.7737,0.7731,0.7716,0.7709,0.7696,0.7695,0.7694",
ev-063,novel,False,True,0.838885584143261,"867,3349,4367,1394,2788,5471,4815,4068,1866,5253,1095,1026,1877,3393,2340,37837,5227,3976,939,13263","0.8389,0.8384,0.8164,0.8091,0.8088,0.8060,0.8045,0.8043,0.8031,0.8027,0.8015,0.8013,0.8009,0.7995,0.7987,0.7937,0.7935,0.7913,0.7898,0.7889",
ev-064,novel,False,True,0.7617114108290859,"1238,314,15689,3328,1356,366,3703,38357,12858,882,1573,5198,1761,633,2802,4788,4075,5650,444,5828","0.7617,0.7517,0.7474,0.7362,0.7361,0.7300,0.7298,0.7291,0.7256,0.7254,0.7249,0.7242,0.7213,0.7205,0.7192,0.7177,0.7176,0.7176,0.7173,0.7163",
ev-065,novel,False,True,0.8241029583185042,"5534,38068,5432,4566,4550,3983,13507,38704,38743,14282,4015,3926,3631,5936,2297,3459,3827,3934,1784,1132","0.8241,0.8141,0.8105,0.8077,0.8019,0.7987,0.7977,0.7959,0.7957,0.7951,0.7945,0.7942,0.7942,0.7937,0.7934,0.7934,0.7931,0.7929,0.7913,0.7912",
ev-066,novel,False,True,0.8056516514655077,"1913,1876,5246,2454,4797,4123,1169,994,3751,4291,1055,1095,2227,3407,3495,4820,4168,5042,1598,4228","0.8057,0.8051,0.8033,0.8001,0.7974,0.7956,0.7943,0.7936,0.7930,0.7911,0.7894,0.7892,0.7880,0.7869,0.7859,0.7850,0.7849,0.7842,0.7828,0.7820",
ev-067,novel,False,True,0.8171734729798468,"1541,1874,1069,3820,1361,12265,871,1985,2207,839,366,3601,13055,5186,946,1510,3936,924,3539,1132","0.8172,0.8070,0.8058,0.8019,0.7998,0.7977,0.7971,0.7950,0.7938,0.7930,0.7929,0.7911,0.7908,0.7905,0.7901,0.7893,0.7892,0.7884,0.7863,0.7828",
ev-068,novel,False,True,0.8075308616441024,"38794,3810,1609,1129,4467,2247,37951,38319,216,37868,2778,6046,1648,38011,37948,14864,1556,1969,13680,4224","0.8075,0.8001,0.7923,0.7878,0.7876,0.7831,0.7791,0.7782,0.7771,0.7751,0.7744,0.7739,0.7733,0.7713,0.7712,0.7711,0.7703,0.7689,0.7689,0.7678",
ev-069,novel,False,True,0.836665222247786,"2225,38694,2245,3703,1471,2107,14713,37951,1126,1238,3651,5176,2343,1300,1586,1360,3427,1410,3934,1047","0.8367,0.7903,0.7870,0.7860,0.7836,0.7827,0.7817,0.7789,0.7784,0.7735,0.7709,0.7693,0.7685,0.7682,0.7675,0.7670,0.7662,0.7659,0.7657,0.7656",
ev-070,novel,False,True,0.7916580811158278,"38019,38299,3965,2778,15898,4810,4415,882,3090,506,4222,4723,5534,1580,38454,2054,3146,1129,3514,4534","0.7917,0.7771,0.7766,0.7755,0.7731,0.7714,0.7708,0.7669,0.7637,0.7636,0.7629,0.7625,0.7589,0.7586,0.7586,0.7586,0.7585,0.7585,0.7566,0.7564",
ev-071,adversarial_paraphrase,False,True,0.815365634516998,"901,1046,2518,3936,4086,1410,1195,2496,1386,751,38232,4487,4988,3772,5928,4640,5453,4196,4559,2225","0.8154,0.8078,0.7986,0.7947,0.7873,0.7815,0.7767,0.7736,0.7725,0.7709,0.7707,0.7673,0.7671,0.7659,0.7654,0.7645,0.7617,0.7597,0.7593,0.7593",
ev-072,adversarial_paraphrase,False,True,0.8608141111357079,"901,3936,1046,1209,4104,994,1386,2518,2496,2125,752,1297,3819,1760,1906,2884,3919,1803,2712,4437","0.8608,0.8347,0.8174,0.8058,0.8021,0.8002,0.8000,0.7990,0.7984,0.7962,0.7962,0.7929,0.7897,0.7890,0.7871,0.7867,0.7862,0.7852,0.7851,0.7849",
ev-073,adversarial_paraphrase,False,True,0.8417361574847665,"901,1046,5253,1876,4797,1386,2518,4086,3936,1891,3751,3651,1238,2343,5404,4061,3819,3924,2107,2454","0.8417,0.8168,0.8145,0.8068,0.8062,0.8023,0.8018,0.8006,0.7997,0.7978,0.7971,0.7958,0.7915,0.7915,0.7911,0.7895,0.7881,0.7879,0.7875,0.7872",
ev-074,adversarial_paraphrase,False,True,0.847345888614657,"901,2107,2518,3936,1046,1410,3819,1386,1169,4017,930,1209,2496,1195,2060,3924,1950,5404,2672,2298","0.8473,0.8126,0.8021,0.8000,0.7975,0.7958,0.7951,0.7938,0.7910,0.7900,0.7894,0.7855,0.7841,0.7830,0.7826,0.7821,0.7782,0.7782,0.7753,0.7732",
ev-075,adversarial_paraphrase,False,True,0.8122219667170087,"1046,901,3936,1209,2518,1386,3983,5548,2505,1113,5160,4428,2178,3919,2061,196,467,3664,3819,2125","0.8122,0.8108,0.8048,0.7835,0.7831,0.7823,0.7790,0.7787,0.7780,0.7769,0.7764,0.7754,0.7741,0.7733,0.7723,0.7720,0.7716,0.7716,0.7699,0.7696",
ev-076,adversarial_paraphrase,False,True,0.8685726335219335,"3936,901,1046,1386,2518,1209,4428,5122,5160,2712,718,3924,38604,3053,4061,13554,12316,12618,1306,1238","0.8686,0.8254,0.8244,0.8043,0.7942,0.7882,0.7836,0.7809,0.7799,0.7786,0.7782,0.7778,0.7771,0.7763,0.7737,0.7735,0.7734,0.7733,0.7722,0.7720",
ev-077,adversarial_paraphrase,False,True,0.8364431657526996,"901,1046,3936,1410,1386,2518,1195,847,4017,4640,3585,4364,5890,2496,2107,4488,1209,1135,3425,858","0.8364,0.8350,0.8227,0.8165,0.8147,0.8096,0.8077,0.8073,0.8021,0.7962,0.7957,0.7955,0.7949,0.7929,0.7928,0.7904,0.7895,0.7893,0.7879,0.7872",
ev-078,adversarial_paraphrase,False,True,0.8293039995017104,"901,1046,3936,2518,4559,3703,1386,2454,4428,2225,2125,5404,3651,1471,1195,3924,1731,1906,2482,3540","0.8293,0.8122,0.8040,0.8026,0.7953,0.7914,0.7834,0.7802,0.7733,0.7655,0.7642,0.7607,0.7601,0.7589,0.7588,0.7573,0.7558,0.7554,0.7547,0.7539",
ev-079,adversarial_paraphrase,False,True,0.8264896675056423,"1046,901,3936,2518,1386,5160,1129,930,1209,751,3935,3053,15083,5554,5139,4632,5928,37934,12735,5737","0.8265,0.8129,0.8023,0.7937,0.7855,0.7777,0.7774,0.7757,0.7734,0.7722,0.7711,0.7706,0.7685,0.7675,0.7672,0.7671,0.7671,0.7666,0.7665,0.7656",
ev-080,adversarial_paraphrase,False,True,0.8267116947941968,"1046,901,2518,4196,3936,1386,5737,4086,2496,5928,4487,2819,3011,1209,5547,4023,2253,3434,2712,4559","0.8267,0.8027,0.7976,0.7901,0.7862,0.7840,0.7823,0.7816,0.7793,0.7792,0.7772,0.7745,0.7737,0.7719,0.7715,0.7714,0.7701,0.7692,0.7682,0.7681",
ev-081,adversarial_market_overlap,False,True,0.8453889386240039,"1343,4319,2844,5024,6058,1818,3149,427,5008,1506,4106,5795,6018,1721,2401,1883,2090,1762,2511,4453","0.8454,0.8385,0.8349,0.8342,0.8339,0.8329,0.8269,0.8229,0.8215,0.8214,0.8208,0.8202,0.8201,0.8201,0.8198,0.8197,0.8187,0.8183,0.8183,0.8177",
ev-082,adversarial_market_overlap,False,True,0.8057410394317853,"2836,1165,2107,5203,4628,2267,860,3862,1004,1983,4180,2273,4516,3459,2921,5234,6010,413,3772,1138","0.8057,0.8053,0.8039,0.8034,0.7965,0.7950,0.7902,0.7888,0.7878,0.7872,0.7860,0.7844,0.7844,0.7806,0.7805,0.7802,0.7788,0.7779,0.7778,0.7778",
ev-083,adversarial_market_overlap,False,True,0.8485123813152338,"2269,2885,4276,5142,5623,918,5102,4613,2980,3607,1320,4605,1268,2328,860,2560,1125,2205,3198,3594","0.8485,0.8296,0.8252,0.8241,0.8092,0.8075,0.8065,0.8034,0.7978,0.7968,0.7952,0.7851,0.7846,0.7816,0.7814,0.7799,0.7796,0.7792,0.7774,0.7760",
ev-084,adversarial_market_overlap,False,True,0.8474337847570315,"485,2007,4422,6005,5934,4579,2364,1591,2434,6088,1176,1634,5709,5282,2893,1324,2292,4896,356,3276","0.8474,0.8362,0.8293,0.8260,0.8258,0.8240,0.8233,0.8210,0.8189,0.8170,0.8168,0.8166,0.8164,0.8133,0.8110,0.8108,0.8099,0.8098,0.8085,0.8082",
ev-085,adversarial_market_overlap,False,True,0.8380864657112137,"4205,5509,2434,5568,1880,3939,3553,231,2143,361,699,5617,2364,4260,4510,1514,1195,5676,1714,2891","0.8381,0.8301,0.8244,0.8201,0.8106,0.8103,0.8101,0.8097,0.8086,0.8058,0.8032,0.8032,0.8021,0.8020,0.8006,0.8005,0.7993,0.7977,0.7976,0.7973",
ev-086,adversarial_market_overlap,False,True,0.8336197336173374,"982,3328,3553,2269,2984,2885,3515,3455,5623,2151,4855,3930,5160,5058,1238,2080,1095,5142,1714,3178","0.8336,0.8161,0.8155,0.8135,0.8110,0.8092,0.8075,0.8056,0.8035,0.8034,0.8030,0.8028,0.8007,0.8005,0.7987,0.7982,0.7981,0.7970,0.7966,0.7962",
ev-087,adversarial_market_overlap,False,True,0.8349165514360222,"2643,1966,2861,2645,2453,5420,2004,5803,2707,1004,3034,5695,2437,5953,3908,1927,681,3992,4124,1777","0.8349,0.8342,0.8102,0.8029,0.8005,0.8004,0.7995,0.7965,0.7926,0.7925,0.7913,0.7912,0.7911,0.7909,0.7906,0.7889,0.7884,0.7873,0.7866,0.7864",
ev-088,adversarial_market_overlap,False,True,0.8299816453478783,"5528,2861,5634,5320,2645,4828,736,3015,4002,5953,38489,2624,460,38483,5427,38289,5490,2834,14539,2802","0.8300,0.8251,0.8228,0.8172,0.8093,0.8035,0.8029,0.8029,0.8017,0.8010,0.7986,0.7985,0.7967,0.7962,0.7951,0.7945,0.7937,0.7936,0.7912,0.7910",
ev-089,adversarial_market_overlap,False,True,0.8454957788591648,"1290,5675,1435,1600,935,2773,4730,4896,5494,1062,2917,3451,3683,14564,3934,5118,2659,2787,2690,358","0.8455,0.8372,0.8266,0.8249,0.8232,0.8225,0.8215,0.8210,0.8201,0.8197,0.8194,0.8186,0.8185,0.8156,0.8153,0.8148,0.8147,0.8138,0.8132,0.8117",
ev-090,adversarial_market_overlap,False,True,0.8336736956420671,"3459,3934,1062,4730,4015,2836,3631,1471,14295,3202,3731,1280,14135,3827,2273,4768,5442,1777,2311,5005","0.8337,0.8294,0.8213,0.8193,0.8025,0.8013,0.7991,0.7988,0.7987,0.7975,0.7962,0.7953,0.7935,0.7935,0.7933,0.7932,0.7926,0.7912,0.7904,0.7889",
ev-091,adversarial_same_tech_diff_domain,False,True,0.8232003450393677,"4579,1530,2499,5715,1551,1601,3802,869,1134,1544,736,3220,4904,756,2643,3253,2657,5007,2757,2541","0.8232,0.8227,0.8227,0.8199,0.8198,0.8192,0.8191,0.8172,0.8144,0.8141,0.8122,0.8072,0.8059,0.8051,0.8050,0.8031,0.8025,0.8020,0.8019,0.8019",
ev-092,adversarial_same_tech_diff_domain,False,True,0.8454412324858118,"3802,2499,869,5639,1026,909,37839,736,3271,5632,38054,3276,2632,347,3797,3582,206,921,574,1738","0.8454,0.8245,0.8238,0.8189,0.8180,0.8179,0.8166,0.8162,0.8126,0.8113,0.8110,0.8105,0.8098,0.8072,0.8063,0.8063,0.8060,0.8057,0.8036,0.8023",
ev-093,adversarial_same_tech_diff_domain,False,True,0.8462317093083773,"5027,1857,4726,2441,4904,5433,1876,736,681,1659,3751,2657,4183,4289,2134,4829,4794,869,5524,5253","0.8462,0.8248,0.8198,0.8186,0.8179,0.8156,0.8152,0.8096,0.8073,0.8071,0.8067,0.8064,0.8055,0.8050,0.8046,0.8042,0.8032,0.8026,0.8023,0.8009",
ev-094,adversarial_same_tech_diff_domain,False,True,0.8303402260452848,"2663,4784,4183,3022,993,374,1953,15509,2861,4045,13741,401,3992,6017,867,921,4932,14149,758,2984","0.8303,0.8280,0.8262,0.8232,0.8211,0.8189,0.8161,0.8156,0.8152,0.8128,0.8112,0.8108,0.8084,0.8078,0.8073,0.8052,0.8049,0.8041,0.8039,0.8039",
ev-095,adversarial_same_tech_diff_domain,False,True,0.845815409844662,"4784,681,4183,948,909,2663,867,4675,3022,3208,12007,436,4263,2301,789,13686,3664,4089,3992,628","0.8458,0.8289,0.8257,0.8235,0.8198,0.8177,0.8168,0.8135,0.8135,0.8093,0.8078,0.8077,0.8072,0.8063,0.8045,0.8042,0.8038,0.8032,0.8028,0.8024",
ev-096,adversarial_temporal,False,True,0.8115977273466934,"5274,3451,1435,15475,4397,226,5675,2773,6028,3071,2917,314,5939,4089,897,358,15099,14592,1573,5665","0.8116,0.8089,0.8058,0.8049,0.8015,0.7995,0.7980,0.7936,0.7931,0.7921,0.7919,0.7917,0.7916,0.7916,0.7915,0.7912,0.7902,0.7902,0.7893,0.7887",
ev-097,adversarial_temporal,False,True,0.8413804086119547,"3585,853,1410,4977,1069,5232,3349,1409,867,2514,1027,2414,2094,2041,4364,5198,4797,3558,5076,3455","0.8414,0.8133,0.8122,0.8102,0.8077,0.8019,0.8018,0.7997,0.7997,0.7992,0.7987,0.7950,0.7946,0.7923,0.7921,0.7920,0.7915,0.7913,0.7911,0.7896",
ev-098,adversarial_temporal,False,True,0.8707702909981884,"2197,1866,2252,4816,2183,1385,4171,1401,1222,4572,905,2137,15325,3410,1170,4734,4132,2223,3784,2345","0.8708,0.8689,0.8627,0.8613,0.8368,0.8303,0.8214,0.8212,0.8178,0.8130,0.8113,0.8101,0.8090,0.8075,0.8054,0.8051,0.8028,0.8019,0.8018,0.8012",
ev-099,adversarial_temporal,False,True,0.8158806483887853,"4833,2471,2410,4076,38134,3673,12827,12320,13671,3843,4387,38801,5537,38328,4564,4912,1819,1623,5148,3948","0.8159,0.8082,0.8014,0.7997,0.7996,0.7992,0.7978,0.7978,0.7963,0.7928,0.7927,0.7926,0.7924,0.7919,0.7900,0.7899,0.7898,0.7894,0.7892,0.7889",
ev-100,adversarial_temporal,False,True,0.8359317684071925,"4879,807,2061,2107,4626,3894,3845,13902,5191,15523,860,433,2506,5024,3814,5188,4129,2340,5200,3850","0.8359,0.8310,0.8246,0.8205,0.8203,0.8162,0.8154,0.8091,0.8043,0.8021,0.8015,0.7987,0.7961,0.7960,0.7938,0.7931,0.7929,0.7924,0.7920,0.7919",
ev-101,duplicate,True,False,0.876505658210001,"13013,2533,4387,15843,1955,15319,14328,4611,15427,38174,14683,4230,15793,5119,12513,11934,2763,4136,4542,13480","0.8765,0.8668,0.8559,0.8559,0.8508,0.8488,0.8458,0.8407,0.8405,0.8379,0.8360,0.8348,0.8293,0.8285,0.8244,0.8243,0.8242,0.8238,0.8228,0.8227",
ev-102,duplicate,True,False,0.9072788059711485,"13541,5286,5326,5109,13928,14103,12998,5339,3161,4691,14553,14720,14774,15657,12201,5216,13992,2191,15420,11983","0.9073,0.8975,0.8636,0.8590,0.8505,0.8454,0.8449,0.8446,0.8431,0.8402,0.8369,0.8369,0.8368,0.8363,0.8363,0.8357,0.8354,0.8354,0.8339,0.8339",
ev-103,duplicate,True,False,0.9313203774308739,"15629,13125,13733,14413,14459,12289,13996,15561,12287,1168,13268,14435,3212,6070,3926,38720,14029,5635,570,5893","0.9313,0.8926,0.8808,0.8708,0.8606,0.8541,0.8533,0.8489,0.8482,0.8479,0.8477,0.8450,0.8433,0.8423,0.8413,0.8411,0.8406,0.8403,0.8392,0.8389",
ev-104,duplicate,True,False,0.8947179442980384,"15841,4449,1324,4768,4662,4383,1011,13523,13516,5072,1639,12418,1819,13551,1968,5308,4830,14214,12201,4163","0.8947,0.8907,0.8750,0.8663,0.8619,0.8596,0.8596,0.8583,0.8575,0.8558,0.8541,0.8534,0.8481,0.8467,0.8461,0.8444,0.8442,0.8439,0.8436,0.8431",
ev-105,duplicate,True,False,0.8867316091234829,"13216,14326,12218,38604,3979,5516,5773,12083,933,3459,4903,3673,12699,5936,2397,248,329,913,5309,12858","0.8867,0.8867,0.8498,0.8487,0.8404,0.8375,0.8341,0.8310,0.8265,0.8261,0.8250,0.8244,0.8240,0.8232,0.8225,0.8206,0.8204,0.8203,0.8198,0.8193",
ev-106,duplicate,True,False,0.9320534629694435,"12704,12880,2531,3994,971,14700,4901,4790,5366,4919,3973,2155,2560,4210,5239,3963,2601,2166,2033,13127","0.9321,0.8273,0.8161,0.8135,0.8069,0.8061,0.8034,0.8025,0.8014,0.8005,0.8003,0.8001,0.7995,0.7986,0.7984,0.7978,0.7959,0.7948,0.7926,0.7921",
ev-107,duplicate,True,False,0.8998123347647453,"14362,15203,14708,12555,1986,15202,2740,13661,13080,1370,13298,1625,5744,15805,14723,15530,2244,13912,37951,13893","0.8998,0.8969,0.8958,0.8724,0.8597,0.8565,0.8502,0.8304,0.8145,0.8140,0.8133,0.8114,0.8111,0.8104,0.8093,0.8076,0.8075,0.8073,0.8053,0.8049",
ev-108,duplicate,True,False,0.9430003200173196,"15729,3508,14408,1238,14761,2157,776,1315,4522,4401,38648,3328,631,12246,5913,960,12735,3916,4325,15074","0.9430,0.8435,0.8344,0.8314,0.8293,0.8278,0.8274,0.8257,0.8243,0.8221,0.8195,0.8177,0.8169,0.8156,0.8134,0.8125,0.8125,0.8111,0.8107,0.8092",
ev-109,duplicate,True,False,0.9109248274013511,"15626,3293,15918,12067,12322,932,14622,2533,3483,38166,1037,13596,3517,2194,15501,12822,14328,3238,14096,13824","0.9109,0.8542,0.8526,0.8445,0.8442,0.8437,0.8421,0.8373,0.8370,0.8299,0.8298,0.8271,0.8249,0.8248,0.8230,0.8222,0.8196,0.8192,0.8158,0.8158",
ev-110,duplicate,True,False,0.9355764879058407,"15550,4557,4839,312,251,6013,6007,1847,3121,262,5923,5753,2559,2719,1450,5292,1014,2956,3244,4973","0.9356,0.8936,0.8819,0.8784,0.8778,0.8768,0.8759,0.8755,0.8752,0.8732,0.8728,0.8725,0.8704,0.8699,0.8697,0.8688,0.8684,0.8676,0.8674,0.8663",
ev-111,duplicate,True,False,0.9317755780487594,"13811,224,5374,5312,2474,5554,288,38097,3056,5244,13604,15367,15554,12903,13275,12538,13829,2564,13288,6044","0.9318,0.9007,0.8986,0.8783,0.8753,0.8707,0.8570,0.8493,0.8491,0.8480,0.8476,0.8444,0.8413,0.8381,0.8366,0.8358,0.8356,0.8317,0.8315,0.8294",
ev-112,duplicate,True,False,0.9190625991113315,"4619,12833,14810,14479,237,3233,3053,13025,1480,5756,5255,13612,5686,631,6111,5777,12154,14224,5638,11992","0.9191,0.9130,0.9064,0.8832,0.8779,0.8743,0.8723,0.8704,0.8697,0.8669,0.8658,0.8656,0.8623,0.8614,0.8611,0.8555,0.8549,0.8527,0.8517,0.8503",
ev-113,duplicate,True,False,0.9386701918441013,"13229,1995,13895,14405,5741,517,15243,883,14535,1626,15152,12267,13140,13896,6061,15439,5467,15154,12533,5616","0.9387,0.8752,0.8563,0.8528,0.8520,0.8517,0.8455,0.8432,0.8430,0.8425,0.8424,0.8377,0.8324,0.8317,0.8303,0.8264,0.8245,0.8206,0.8196,0.8178",
ev-114,duplicate,True,False,0.9516138549771654,"12177,5037,5908,1810,13559,566,1209,14959,4566,329,864,1327,1777,15830,2244,12391,2067,14453,13572,2250","0.9516,0.8423,0.8423,0.8407,0.8383,0.8326,0.8325,0.8311,0.8302,0.8297,0.8290,0.8283,0.8258,0.8252,0.8249,0.8238,0.8236,0.8233,0.8228,0.8205",
ev-115,duplicate,True,False,0.9202860390799028,"12575,4116,15003,3916,887,3018,5099,15006,3182,12735,1919,1037,932,3405,13774,4691,14997,5434,4083,5356","0.9203,0.8736,0.8422,0.8230,0.8208,0.8148,0.8114,0.8102,0.8087,0.8061,0.8060,0.8043,0.8036,0.8022,0.8005,0.7972,0.7960,0.7960,0.7949,0.7942",
ev-116,duplicate,True,False,0.9017286774405229,"13032,14323,3022,1503,1808,4698,5600,268,5533,5041,5774,12166,2948,2728,6041,331,4419,13877,5382,15919","0.9017,0.9011,0.8856,0.8813,0.8799,0.8762,0.8756,0.8750,0.8747,0.8741,0.8735,0.8734,0.8734,0.8721,0.8693,0.8665,0.8665,0.8663,0.8662,0.8661",
ev-117,duplicate,True,False,0.8940661125261917,"13268,5382,15173,13683,13689,2296,5591,14237,2737,331,4499,12877,3265,5355,1669,630,2913,2868,2394,460","0.8941,0.8832,0.8828,0.8783,0.8755,0.8717,0.8717,0.8646,0.8633,0.8619,0.8593,0.8588,0.8532,0.8525,0.8517,0.8505,0.8496,0.8491,0.8488,0.8486",
ev-118,duplicate,True,False,0.9675462942639483,"12925,3651,3427,14774,14744,1471,5535,1837,825,1491,14816,2535,638,2107,4705,5639,5305,13208,2341,5733","0.9675,0.8563,0.8492,0.8445,0.8435,0.8373,0.8329,0.8314,0.8261,0.8234,0.8234,0.8208,0.8206,0.8204,0.8200,0.8195,0.8187,0.8187,0.8186,0.8178",
ev-119,duplicate,True,False,0.9225625143907963,"11953,2795,2167,37859,15012,761,1567,5756,13508,1502,13838,2868,13575,12479,3272,483,3190,2728,13689,3173","0.9226,0.8605,0.8529,0.8518,0.8505,0.8462,0.8454,0.8412,0.8411,0.8406,0.8386,0.8382,0.8379,0.8374,0.8371,0.8364,0.8363,0.8360,0.8360,0.8358",
ev-120,duplicate,True,False,0.878725319212599,"15560,1632,1305,2325,5861,5495,5462,12677,4131,1622,3907,15831,213,1650,13277,1499,3328,15379,1039,5913","0.8787,0.8529,0.8458,0.8279,0.8168,0.8076,0.8065,0.8038,0.8020,0.8008,0.8005,0.8004,0.7958,0.7954,0.7952,0.7943,0.7942,0.7938,0.7927,0.7921",
ev-121,duplicate,True,False,0.9158864369460091,"14631,1915,3245,5863,15833,482,3085,2762,13527,12924,195,38129,14619,14364,12967,14407,564,15288,12862,332","0.9159,0.8890,0.8836,0.8761,0.8761,0.8720,0.8717,0.8707,0.8702,0.8608,0.8550,0.8490,0.8456,0.8428,0.8308,0.8301,0.8299,0.8289,0.8279,0.8227",
ev-122,duplicate,True,False,0.9116609867912253,"13043,4178,933,38756,13256,12393,38365,4691,3754,14582,5417,15437,13892,38633,38522,11991,12831,13656,13402,1039","0.9117,0.8435,0.8393,0.8121,0.8018,0.7973,0.7900,0.7816,0.7789,0.7770,0.7755,0.7744,0.7736,0.7730,0.7727,0.7721,0.7719,0.7707,0.7689,0.7687",
ev-123,duplicate,True,False,0.8971707110695766,"12089,38595,5074,14986,15561,14523,37973,5721,15825,38801,14237,1986,15627,2909,2658,1305,2299,13277,14695,3143","0.8972,0.8015,0.7970,0.7965,0.7937,0.7909,0.7882,0.7814,0.7804,0.7802,0.7789,0.7786,0.7785,0.7783,0.7776,0.7764,0.7763,0.7756,0.7754,0.7752",
ev-124,duplicate,True,False,0.9323092739397728,"15779,5592,574,4571,5612,2376,13095,235,736,15078,3008,5877,2948,13515,456,4953,13937,2826,14726,5421","0.9323,0.9166,0.9097,0.9045,0.8818,0.8755,0.8750,0.8617,0.8611,0.8608,0.8586,0.8551,0.8549,0.8547,0.8547,0.8540,0.8532,0.8524,0.8521,0.8484",
ev-125,duplicate,True,False,0.9491669742763593,"14662,2847,12688,2544,15908,13585,11944,5339,5391,5131,4595,13184,15491,12178,3910,5772,5380,15174,3067,638","0.9492,0.8912,0.8872,0.8685,0.8645,0.8574,0.8564,0.8562,0.8539,0.8500,0.8486,0.8483,0.8474,0.8473,0.8454,0.8438,0.8425,0.8423,0.8408,0.8404",
ev-126,duplicate,True,False,0.9305272868118593,"13356,12478,533,2533,15551,14328,14186,13430,11934,13813,13013,12841,6080,14683,1777,13426,12831,12883,14868,38439","0.9305,0.8672,0.8664,0.8552,0.8503,0.8502,0.8493,0.8446,0.8440,0.8435,0.8415,0.8401,0.8400,0.8395,0.8392,0.8380,0.8376,0.8375,0.8363,0.8357",
ev-127,duplicate,True,False,0.8778890218867064,"13993,4259,2397,5863,14337,5401,3664,867,4437,628,4072,15509,12858,3349,5445,3999,993,681,2301,3673","0.8779,0.8631,0.8492,0.8485,0.8471,0.8461,0.8436,0.8403,0.8386,0.8366,0.8337,0.8326,0.8297,0.8296,0.8284,0.8276,0.8273,0.8272,0.8270,0.8265",
ev-128,duplicate,True,False,0.8984166861052396,"4184,2737,15023,4499,2868,5641,2654,5211,3604,5833,4892,4941,5322,5365,5529,2613,2820,5781,5857,4566","0.8984,0.8765,0.8744,0.8633,0.8628,0.8591,0.8591,0.8590,0.8589,0.8578,0.8553,0.8549,0.8541,0.8528,0.8523,0.8513,0.8512,0.8507,0.8504,0.8503",
ev-129,duplicate,True,False,0.8307620685838426,"14596,2053,3546,4342,654,930,1777,4396,1300,1164,1855,13536,3863,3754,5798,3970,1927,2551,1361,5478","0.8308,0.8039,0.7882,0.7850,0.7792,0.7790,0.7765,0.7752,0.7744,0.7739,0.7732,0.7707,0.7703,0.7702,0.7700,0.7691,0.7682,0.7677,0.7672,0.7661",
ev-130,duplicate,True,False,0.8812357187271145,"13367,3992,2440,5869,768,5831,4784,465,3958,758,2663,374,1948,5753,707,3594,863,3194,681,2057","0.8812,0.8643,0.8621,0.8538,0.8477,0.8472,0.8465,0.8428,0.8419,0.8404,0.8395,0.8392,0.8390,0.8375,0.8372,0.8350,0.8327,0.8320,0.8318,0.8317",
ev-131,duplicate,True,False,0.8855594396591187,"37825,38128,38112,5967,37961,1779,1349,37951,5798,38803,5764,37851,38697,38468,38798,37834,37982,4275,4720,2753","0.8856,0.8558,0.8271,0.8168,0.8116,0.8098,0.8039,0.8032,0.8002,0.7998,0.7995,0.7991,0.7984,0.7978,0.7967,0.7921,0.7910,0.7909,0.7904,0.7902",
ev-132,duplicate,True,False,0.9052310054210744,"37826,37943,38287,38266,38309,38411,14188,38261,38477,14451,3643,15814,13752,12302,983,5600,1286,15812,15437,953","0.9052,0.8649,0.8195,0.8100,0.8080,0.7957,0.7940,0.7928,0.7917,0.7909,0.7905,0.7885,0.7869,0.7841,0.7834,0.7830,0.7830,0.7823,0.7820,0.7815",
ev-133,duplicate,True,False,0.868845522403717,"37827,38312,6103,2836,1983,4620,37983,12138,4492,37961,1508,3098,5870,38424,4090,6105,725,38236,2483,38697","0.8688,0.7862,0.7853,0.7790,0.7786,0.7768,0.7733,0.7728,0.7710,0.7698,0.7683,0.7678,0.7677,0.7676,0.7674,0.7673,0.7634,0.7620,0.7620,0.7616",
ev-134,duplicate,True,False,0.8367286327536685,"37829,2223,38408,38552,15786,3053,2799,13266,1077,3195,4281,959,5846,38369,13030,1874,12699,1113,13265,15738","0.8367,0.8223,0.8160,0.8147,0.8072,0.8060,0.8044,0.8023,0.8017,0.7972,0.7967,0.7954,0.7950,0.7938,0.7929,0.7927,0.7925,0.7919,0.7906,0.7900",
ev-135,duplicate,True,False,0.8943960322389526,"2806,37830,525,309,2965,3906,619,3657,3296,12916,14256,4229,225,1168,1057,14239,731,4681,14992,4730","0.8944,0.8736,0.8601,0.8550,0.8436,0.8402,0.8389,0.8278,0.8220,0.8169,0.8040,0.8037,0.8034,0.7999,0.7990,0.7989,0.7986,0.7982,0.7959,0.7948",
ev-136,duplicate,True,False,0.8987346710282956,"37832,882,38408,3949,993,38753,15245,946,38604,38552,15786,865,1927,14638,15738,2223,823,38299,12920,3568","0.8987,0.8128,0.8023,0.7950,0.7909,0.7897,0.7854,0.7845,0.7837,0.7827,0.7779,0.7776,0.7764,0.7761,0.7760,0.7746,0.7741,0.7719,0.7702,0.7691",
ev-137,duplicate,True,False,0.9704943054030664,"37833,38071,38037,38090,37882,38195,38483,5608,3350,38521,38396,38214,38681,15420,38474,5597,38561,38491,38006,13024","0.9705,0.8305,0.8181,0.8151,0.8137,0.8076,0.7998,0.7976,0.7957,0.7925,0.7909,0.7899,0.7897,0.7853,0.7822,0.7810,0.7792,0.7790,0.7772,0.7771",
ev-138,duplicate,True,False,0.9088248366817937,"37836,12335,15850,15297,37914,6000,2297,38190,1484,894,14957,38690,1111,1132,5081,38087,15748,12462,38230,3725","0.9088,0.8999,0.8835,0.8789,0.8282,0.8272,0.8128,0.8026,0.8021,0.8012,0.8010,0.8007,0.7994,0.7990,0.7975,0.7967,0.7955,0.7951,0.7940,0.7915",
ev-139,duplicate,True,False,0.8801033127369478,"37837,6037,504,3132,591,246,1479,13145,680,3121,12130,5890,772,6072,5936,390,5449,5758,4806,2613","0.8801,0.8679,0.8673,0.8574,0.8545,0.8542,0.8531,0.8526,0.8515,0.8509,0.8499,0.8497,0.8493,0.8478,0.8478,0.8476,0.8464,0.8454,0.8445,0.8443",
ev-140,duplicate,True,False,0.9322748949445833,"37839,5746,5447,38587,700,3085,1901,38407,38495,4776,38054,2793,37952,3051,2542,5135,38594,38230,38637,12229","0.9323,0.8819,0.8807,0.8717,0.8696,0.8647,0.8638,0.8635,0.8626,0.8616,0.8568,0.8553,0.8548,0.8540,0.8528,0.8510,0.8475,0.8474,0.8471,0.8461",
ev-141,duplicate,True,False,0.855093508958819,"37840,1980,38557,5746,5447,4886,37839,3051,700,5135,2793,4776,1901,38407,38230,14575,2286,14839,38621,4662","0.8551,0.8397,0.8334,0.8291,0.8148,0.8131,0.8085,0.8050,0.8041,0.8038,0.8032,0.8014,0.7998,0.7996,0.7987,0.7980,0.7961,0.7928,0.7927,0.7923",
ev-142,duplicate,True,False,0.9318258504971362,"37843,2325,3948,5352,630,2010,12138,13993,4552,4419,38093,1927,2459,4288,305,1238,1365,37922,2465,720","0.9318,0.8219,0.7903,0.7855,0.7788,0.7777,0.7775,0.7772,0.7751,0.7741,0.7732,0.7722,0.7720,0.7709,0.7686,0.7684,0.7684,0.7682,0.7678,0.7676",
ev-143,duplicate,True,False,0.9107052002656011,"37844,38164,5773,4491,1862,4678,2970,384,6080,2166,5396,12245,2389,38801,38069,4903,4230,3512,3909,13397","0.9107,0.8551,0.8518,0.8343,0.8331,0.8306,0.8282,0.8251,0.8250,0.8248,0.8234,0.8232,0.8226,0.8222,0.8215,0.8202,0.8201,0.8200,0.8197,0.8179",
ev-144,duplicate,True,False,0.9058758970573018,"37845,38489,38269,1011,341,869,628,5445,762,286,1587,4813,913,37952,5773,2509,14337,3483,2837,13913","0.9059,0.8324,0.8315,0.8281,0.8264,0.8234,0.8231,0.8214,0.8213,0.8202,0.8193,0.8193,0.8193,0.8180,0.8168,0.8166,0.8163,0.8153,0.8151,0.8148",
ev-145,duplicate,True,False,0.8877492680848544,"37846,3543,3473,38297,2852,37967,38743,13253,38065,5645,38497,2823,14244,5824,4473,551,38347,289,38686,331","0.8877,0.8741,0.8459,0.8425,0.8382,0.8278,0.8268,0.8260,0.8176,0.8151,0.8142,0.8142,0.8138,0.8107,0.8091,0.8082,0.8070,0.8049,0.8040,0.8034",
ev-146,duplicate,True,False,0.8702539050881776,"37849,37971,1051,5508,2893,3085,5746,38113,1368,2505,38637,3606,2793,38625,5447,37848,38128,5628,1738,3051","0.8703,0.8434,0.8212,0.8192,0.8177,0.8174,0.8169,0.8154,0.8152,0.8150,0.8135,0.8120,0.8120,0.8118,0.8092,0.8075,0.8072,0.8071,0.8065,0.8060",
ev-147,duplicate,True,False,0.9153277525501111,"37850,4355,38520,913,4015,37871,3441,653,4566,4312,38352,2157,2397,37952,628,38477,6038,38259,5534,15435","0.9153,0.8788,0.8576,0.8498,0.8441,0.8383,0.8361,0.8331,0.8323,0.8301,0.8301,0.8278,0.8263,0.8255,0.8244,0.8237,0.8225,0.8222,0.8218,0.8204",
ev-148,duplicate,True,False,0.9026591297794455,"37851,3093,38497,3100,3184,38754,37849,2510,4862,5887,12085,1601,297,38611,5840,38628,2022,14897,534,5489","0.9027,0.8050,0.7957,0.7906,0.7898,0.7853,0.7852,0.7841,0.7837,0.7823,0.7815,0.7803,0.7801,0.7754,0.7751,0.7747,0.7739,0.7738,0.7736,0.7716",
ev-149,duplicate,True,False,0.9753819547707478,"37852,38297,2720,331,5540,3543,38629,711,2296,5772,970,38113,2602,4290,38312,5983,5523,2835,38717,2627","0.9754,0.8718,0.8616,0.8481,0.8442,0.8363,0.8359,0.8336,0.8297,0.8296,0.8281,0.8249,0.8232,0.8227,0.8219,0.8197,0.8197,0.8175,0.8167,0.8158",
ev-150,duplicate,True,False,0.9337966700671312,"37854,13818,3535,15463,4929,6038,13939,4019,5908,3695,37916,38552,874,4563,4250,38595,3441,14377,38333,37934","0.9338,0.8103,0.8095,0.8093,0.8085,0.8053,0.8053,0.8051,0.8007,0.7973,0.7968,0.7925,0.7917,0.7914,0.7902,0.7899,0.7897,0.7891,0.7883,0.7872",
ev-151,duplicate,True,False,0.9198609340273785,"37855,38432,38769,38568,37939,38667,38641,38306,37891,38132,38260,38500,37903,37878,38513,12359,38044,38693,37969,15891","0.9199,0.8874,0.8057,0.8042,0.8027,0.8000,0.7937,0.7908,0.7889,0.7849,0.7784,0.7771,0.7744,0.7720,0.7716,0.7690,0.7682,0.7653,0.7608,0.7544",
ev-152,duplicate,True,False,0.8210077168058929,"37856,38450,38330,5645,38150,38497,551,3630,38157,2823,471,5037,5908,4409,38112,441,5187,3212,38172,38493","0.8210,0.7939,0.7924,0.7607,0.7604,0.7593,0.7582,0.7579,0.7559,0.7545,0.7544,0.7525,0.7520,0.7519,0.7513,0.7505,0.7504,0.7495,0.7495,0.7493",
ev-153,duplicate,True,False,0.9192997707605908,"37857,5891,1592,333,37965,705,5334,38112,4862,6131,1248,4545,3060,6022,5686,5829,3144,413,5785,3169","0.9193,0.7905,0.7856,0.7850,0.7809,0.7729,0.7715,0.7712,0.7683,0.7669,0.7658,0.7653,0.7652,0.7640,0.7626,0.7624,0.7614,0.7610,0.7604,0.7595",
ev-154,duplicate,True,False,0.9183991149904454,"37858,37918,2123,4550,4338,12433,38676,3149,5827,1818,2505,1901,2936,14308,5940,3973,14568,14391,2166,15357","0.9184,0.8669,0.8540,0.8417,0.8388,0.8306,0.8299,0.8295,0.8289,0.8283,0.8279,0.8278,0.8277,0.8273,0.8269,0.8268,0.8261,0.8258,0.8253,0.8231",
ev-155,duplicate,True,False,0.8553641524693881,"37859,5428,13456,12950,3272,1567,13457,4828,38477,38056,1067,13079,13149,12714,15587,3458,14150,38546,12357,12715","0.8554,0.8312,0.8298,0.8210,0.8184,0.8150,0.8139,0.8127,0.8036,0.8009,0.7975,0.7966,0.7959,0.7946,0.7944,0.7889,0.7885,0.7869,0.7860,0.7857",
ev-156,duplicate,True,False,0.9000244259841571,"38278,37861,38286,38086,37894,38489,15710,38161,5686,12344,2735,5908,38390,38552,38579,2837,1701,5037,38119,1915","0.9000,0.9000,0.8694,0.8561,0.8397,0.8384,0.8166,0.8156,0.8149,0.8109,0.8091,0.8087,0.8079,0.8061,0.8061,0.8051,0.8048,0.8020,0.8005,0.7984",
ev-157,duplicate,True,False,0.8884910643100739,"37866,2775,12902,38725,6118,37993,38768,5369,2782,38765,2206,13948,38358,38382,38189,13974,2681,14888,13971,2657","0.8885,0.8627,0.8401,0.8350,0.8343,0.8308,0.8246,0.8207,0.8191,0.8143,0.8121,0.8104,0.8084,0.8077,0.8057,0.8051,0.8048,0.8033,0.8024,0.8022",
ev-158,duplicate,True,False,0.9187093079090237,"37867,5907,13437,38312,5746,2223,3195,3051,4833,5369,1051,3949,2123,2542,854,4564,2893,4669,5364,5277","0.9187,0.8507,0.8441,0.8349,0.8332,0.8327,0.8278,0.8273,0.8269,0.8267,0.8246,0.8243,0.8242,0.8225,0.8220,0.8217,0.8217,0.8207,0.8203,0.8194",
ev-159,duplicate,True,False,0.8934877578325423,"37871,4312,5369,4355,869,14542,2541,2893,2715,4669,38113,5628,38520,653,4685,5364,2632,2505,4833,854","0.8935,0.8615,0.8545,0.8517,0.8491,0.8479,0.8442,0.8430,0.8416,0.8395,0.8392,0.8382,0.8369,0.8368,0.8364,0.8340,0.8321,0.8317,0.8317,0.8316",
ev-160,duplicate,True,False,0.8868913285071456,"37875,2588,2727,1846,14091,500,5965,3025,5633,908,6080,2864,38595,5844,4787,5881,610,5179,2896,4881","0.8869,0.8741,0.8652,0.8527,0.8472,0.8416,0.8398,0.8379,0.8378,0.8358,0.8322,0.8322,0.8307,0.8301,0.8286,0.8274,0.8272,0.8269,0.8265,0.8265",
ev-161,novel,False,True,0.8239601850509644,"5717,5686,5794,5371,460,5600,5273,331,5496,5781,2868,4903,2296,13791,5774,2795,5820,12032,5796,5881","0.8240,0.8147,0.8132,0.8127,0.8115,0.8112,0.8104,0.8081,0.8065,0.8057,0.8057,0.8041,0.8033,0.8025,0.8019,0.8019,0.8012,0.8010,0.8004,0.8000",
ev-162,novel,False,True,0.8270474867253004,"4802,5078,14673,1069,4763,4488,1195,1970,1361,3976,1400,4017,3819,5200,2107,4068,1582,847,3480,858","0.8270,0.8252,0.8094,0.8092,0.8034,0.8008,0.7974,0.7953,0.7932,0.7929,0.7911,0.7908,0.7882,0.7881,0.7878,0.7862,0.7846,0.7836,0.7820,0.7813",
ev-163,novel,False,True,0.8137195519376074,"38351,5191,905,1866,13354,38022,3441,993,1689,2861,1945,2137,3488,3374,14663,1044,787,38029,4680,1170","0.8137,0.7890,0.7847,0.7821,0.7796,0.7759,0.7748,0.7747,0.7714,0.7695,0.7687,0.7665,0.7664,0.7661,0.7655,0.7652,0.7651,0.7649,0.7638,0.7637",
ev-164,novel,False,True,0.8158596565807076,"2297,5602,4015,38674,5534,1496,3476,1906,1105,329,4813,1028,38259,5116,3631,5155,14534,5069,4437,1784","0.8159,0.7987,0.7961,0.7939,0.7898,0.7898,0.7879,0.7861,0.7858,0.7845,0.7832,0.7830,0.7826,0.7823,0.7807,0.7805,0.7800,0.7798,0.7784,0.7780",
ev-165,novel,False,True,0.7793876958258339,"4720,4527,3819,884,1582,5078,1069,694,37984,2841,1970,3111,38521,4802,38393,1896,38320,5762,15586,4398","0.7794,0.7757,0.7670,0.7644,0.7609,0.7576,0.7538,0.7528,0.7510,0.7484,0.7480,0.7480,0.7463,0.7457,0.7455,0.7455,0.7453,0.7450,0.7449,0.7435",
ev-166,novel,False,True,0.8064739886804817,"2952,37894,38304,575,2123,6046,1129,4576,874,37858,3226,2778,2505,1041,3992,5908,4537,2663,1915,518","0.8065,0.7966,0.7913,0.7871,0.7866,0.7861,0.7845,0.7844,0.7843,0.7828,0.7816,0.7814,0.7813,0.7812,0.7810,0.7802,0.7798,0.7787,0.7784,0.7777",
ev-167,novel,False,True,0.8213551523320617,"2788,939,1095,1394,847,4815,3410,2245,2080,366,3539,4680,5253,994,4797,1044,4364,4977,5890,4367","0.8214,0.8144,0.8128,0.8096,0.8072,0.8055,0.7975,0.7972,0.7929,0.7913,0.7885,0.7878,0.7869,0.7857,0.7853,0.7833,0.7831,0.7830,0.7826,0.7824",
ev-168,novel,False,True,0.8640218811061267,"3226,6111,3095,5814,5384,5421,225,5202,5929,5558,14650,4606,764,3064,5514,3921,2813,5820,1748,235","0.8640,0.8516,0.8515,0.8490,0.8456,0.8449,0.8437,0.8434,0.8433,0.8409,0.8390,0.8363,0.8361,0.8354,0.8353,0.8346,0.8314,0.8297,0.8297,0.8286",
ev-169,novel,False,True,0.8233325797320765,"4537,2952,3646,3779,2099,3764,4489,1041,736,874,3558,5389,877,823,2657,1953,2609,2663,5941,2123","0.8233,0.8084,0.7976,0.7962,0.7961,0.7961,0.7957,0.7956,0.7930,0.7924,0.7903,0.7902,0.7896,0.7872,0.7868,0.7865,0.7859,0.7854,0.7845,0.7839",
ev-170,novel,False,True,0.8134772964404452,"2064,1280,3558,3112,4918,860,5234,2147,3455,3594,877,4680,3539,1238,4924,2475,2836,1660,1195,2225","0.8135,0.8128,0.8084,0.8084,0.7985,0.7980,0.7947,0.7940,0.7936,0.7916,0.7910,0.7905,0.7879,0.7858,0.7853,0.7839,0.7839,0.7835,0.7833,0.7830",
ev-171,novel,False,True,0.8416308964270893,"4802,2793,5078,5135,1069,14673,4068,3651,1970,1300,5042,884,1400,1039,1361,1582,3395,1240,1809,1811","0.8416,0.8314,0.8311,0.8263,0.8244,0.8073,0.8044,0.8032,0.8017,0.8016,0.7998,0.7990,0.7988,0.7984,0.7974,0.7966,0.7937,0.7925,0.7922,0.7919",
ev-172,novel,False,True,0.7791984774115429,"1622,3192,5556,4183,3455,5741,930,917,5198,3386,5941,5733,3328,38689,3691,778,3585,37894,4235,736","0.7792,0.7767,0.7753,0.7748,0.7747,0.7742,0.7714,0.7707,0.7701,0.7690,0.7685,0.7677,0.7672,0.7659,0.7651,0.7645,0.7643,0.7642,0.7639,0.7632",
ev-173,novel,False,True,0.8075567896630299,"4663,3410,4132,1401,905,2183,2252,2197,4572,2344,3293,2339,3540,4816,38056,1170,38743,4249,1222,1385","0.8076,0.7891,0.7879,0.7874,0.7865,0.7848,0.7830,0.7815,0.7806,0.7804,0.7783,0.7760,0.7741,0.7722,0.7715,0.7709,0.7703,0.7687,0.7681,0.7668",
ev-174,novel,False,True,0.7869902636703959,"4733,993,366,4266,1422,13354,880,2503,1866,3999,1689,14596,4364,2137,4120,2861,939,3776,3626,5191","0.7870,0.7867,0.7792,0.7778,0.7777,0.7739,0.7688,0.7643,0.7614,0.7612,0.7605,0.7597,0.7595,0.7581,0.7565,0.7551,0.7549,0.7545,0.7545,0.7541",
ev-175,novel,False,True,0.832292089735521,"1095,1044,847,2788,5890,939,4364,2245,3349,4815,1394,2094,1916,4680,3539,3413,3480,1195,718,1149","0.8323,0.8269,0.8254,0.8188,0.8179,0.8174,0.8161,0.8146,0.8071,0.8057,0.8047,0.8025,0.8022,0.7961,0.7956,0.7956,0.7927,0.7923,0.7922,0.7908",
ev-176,novel,False,True,0.800824102833043,"37894,37902,5908,38304,1915,38464,5686,518,874,3548,14700,13340,38127,3085,5866,5533,2952,1362,482,5863","0.8008,0.7917,0.7840,0.7839,0.7825,0.7792,0.7786,0.7757,0.7756,0.7753,0.7751,0.7747,0.7722,0.7704,0.7673,0.7672,0.7671,0.7669,0.7667,0.7662",
ev-177,novel,False,True,0.840300717282134,"4242,4537,3492,2505,3764,2663,4879,2952,5617,1689,5191,823,1026,1674,874,2345,5389,3664,1953,2099","0.8403,0.8316,0.8286,0.8237,0.8236,0.8172,0.8154,0.8137,0.8114,0.8090,0.8087,0.8060,0.8059,0.8058,0.8046,0.8046,0.8042,0.8026,0.8024,0.7983",
ev-178,novel,False,True,0.7754770055128933,"1069,2275,3819,5078,4802,4527,1970,1582,1361,1876,3845,4720,3641,5200,1443,1578,14673,1811,3986,1913","0.7755,0.7675,0.7671,0.7647,0.7642,0.7639,0.7588,0.7578,0.7578,0.7574,0.7573,0.7573,0.7550,0.7548,0.7511,0.7474,0.7466,0.7447,0.7442,0.7436",
ev-179,novel,False,True,0.7748792417239525,"2202,1429,3919,1394,4165,2038,5122,1676,1391,786,3772,1416,3120,2383,1300,736,3805,321,5650,3396","0.7749,0.7735,0.7733,0.7662,0.7654,0.7644,0.7635,0.7635,0.7597,0.7582,0.7580,0.7572,0.7566,0.7565,0.7563,0.7560,0.7558,0.7543,0.7543,0.7542",
ev-180,novel,False,True,0.8302597999572847,"823,982,4281,1590,4884,3754,37894,1676,4325,5224,1920,4151,3328,1305,3433,475,4140,3053,11967,3992","0.8303,0.8143,0.8129,0.8026,0.8008,0.7998,0.7984,0.7978,0.7956,0.7953,0.7929,0.7922,0.7920,0.7919,0.7915,0.7912,0.7911,0.7910,0.7892,0.7892",
ev-181,novel,False,True,0.8115843163032177,"5253,5435,994,939,4680,1095,4797,1876,4245,2788,1394,4915,1044,847,4364,366,4815,3502,5139,1866","0.8116,0.8016,0.7984,0.7980,0.7954,0.7953,0.7943,0.7933,0.7925,0.7925,0.7883,0.7870,0.7870,0.7839,0.7782,0.7780,0.7759,0.7754,0.7749,0.7726",
ev-182,novel,False,True,0.8073564997486494,"993,366,4733,38029,13354,1422,2137,1689,38408,880,3410,4183,3455,2663,4365,787,1866,4242,4120,4632","0.8074,0.7959,0.7914,0.7879,0.7841,0.7831,0.7824,0.7818,0.7814,0.7810,0.7809,0.7799,0.7796,0.7793,0.7779,0.7769,0.7767,0.7761,0.7760,0.7755",
ev-183,novel,False,True,0.7887990010975304,"4802,1069,1970,5078,5200,14673,1240,1361,1811,867,4169,4668,3651,5135,1666,4927,3819,1582,1026,37969","0.7888,0.7876,0.7842,0.7820,0.7756,0.7712,0.7693,0.7682,0.7652,0.7627,0.7562,0.7548,0.7523,0.7508,0.7507,0.7499,0.7498,0.7482,0.7466,0.7463",
ev-184,novel,False,True,0.8418948650360107,"5617,3455,3462,5198,982,2286,3558,5058,877,351,4537,3328,2592,3553,2836,4381,3761,5557,1026,4918","0.8419,0.8183,0.8114,0.8112,0.8076,0.7960,0.7937,0.7928,0.7922,0.7909,0.7900,0.7894,0.7884,0.7884,0.7882,0.7879,0.7870,0.7861,0.7851,0.7850",
ev-185,novel,False,True,0.7887416740126978,"935,38109,37894,778,847,2343,3111,1039,1896,3926,2659,882,38451,4681,13098,1129,38274,1882,38408,2837","0.7887,0.7823,0.7804,0.7789,0.7787,0.7783,0.7766,0.7742,0.7733,0.7726,0.7723,0.7723,0.7722,0.7721,0.7718,0.7712,0.7709,0.7701,0.7695,0.7686",
ev-186,novel,False,True,0.7947516632672159,"3919,2935,4915,593,1866,5191,366,2103,4129,2788,4817,4654,4364,5253,2245,5525,877,3752,3480,2506","0.7948,0.7831,0.7821,0.7814,0.7728,0.7709,0.7703,0.7666,0.7662,0.7642,0.7639,0.7637,0.7632,0.7620,0.7614,0.7610,0.7597,0.7593,0.7591,0.7583",
ev-187,novel,False,True,0.8323584596897096,"847,2788,366,4680,1095,939,4364,4815,1394,1103,2094,1044,3585,2245,2080,5890,5198,4977,1195,3539","0.8324,0.8193,0.8103,0.8066,0.8032,0.8028,0.7993,0.7990,0.7989,0.7988,0.7959,0.7948,0.7936,0.7923,0.7916,0.7910,0.7904,0.7897,0.7878,0.7845",
ev-188,novel,False,True,0.8431355868481976,"2984,4489,1953,4855,4364,2663,3553,681,1857,241,994,1062,2143,1615,1866,869,1202,3674,475,877","0.8431,0.8329,0.8218,0.8190,0.8182,0.8177,0.8174,0.8162,0.8108,0.8065,0.8058,0.8055,0.8052,0.8047,0.8033,0.8000,0.7991,0.7989,0.7978,0.7970",
ev-189,novel,False,True,0.7744297437879702,"4362,2408,4802,13018,694,2275,1069,1797,867,4576,12515,13826,1613,14673,1970,5889,14634,38492,38109,38214","0.7744,0.7741,0.7650,0.7567,0.7567,0.7553,0.7543,0.7541,0.7539,0.7520,0.7511,0.7502,0.7482,0.7481,0.7480,0.7478,0.7472,0.7468,0.7460,0.7458",
ev-190,novel,False,True,0.7841812074184418,"5617,38304,37894,4537,2952,37858,874,2123,5951,6046,1129,896,38552,1190,13347,3548,854,37926,736,4576","0.7842,0.7836,0.7813,0.7809,0.7802,0.7788,0.7770,0.7744,0.7712,0.7702,0.7677,0.7675,0.7664,0.7660,0.7651,0.7633,0.7633,0.7632,0.7623,0.7619",
ev-191,novel,False,True,0.8076321689000092,"930,1111,1132,37934,3772,38374,12316,2297,5875,3924,736,5602,4632,1195,5116,5487,1476,3514,5828,5432","0.8076,0.7943,0.7929,0.7926,0.7900,0.7896,0.7873,0.7869,0.7849,0.7843,0.7817,0.7808,0.7787,0.7783,0.7781,0.7771,0.7771,0.7765,0.7764,0.7763",
ev-192,novel,False,True,0.7806795919144034,"4720,1876,3819,1069,4802,1970,4527,1582,5200,3641,1240,5078,1716,1768,5253,694,4390,3651,1606,4472","0.7807,0.7803,0.7779,0.7762,0.7740,0.7683,0.7663,0.7635,0.7611,0.7601,0.7584,0.7569,0.7565,0.7560,0.7542,0.7537,0.7524,0.7523,0.7517,0.7515",
ev-193,novel,False,True,0.818202267992362,"847,2080,4680,2788,1095,5890,4364,4797,3410,939,1044,4977,4815,3539,4915,2245,867,1866,2648,4706","0.8182,0.8091,0.8074,0.8045,0.8029,0.7970,0.7966,0.7949,0.7937,0.7936,0.7933,0.7910,0.7906,0.7899,0.7875,0.7853,0.7836,0.7834,0.7830,0.7801",
ev-194,novel,False,True,0.8051117633383075,"1129,4559,5534,3088,894,11967,4015,1496,3476,4437,4768,38261,37902,3934,3459,968,874,864,1077,2297","0.8051,0.8046,0.8023,0.8021,0.8010,0.8000,0.7996,0.7988,0.7960,0.7941,0.7912,0.7894,0.7881,0.7870,0.7862,0.7855,0.7854,0.7848,0.7844,0.7841",
ev-195,novel,False,True,0.7966181701508461,"3455,3328,1238,860,982,1315,5058,986,5198,823,3423,1202,5122,1917,1026,3691,38374,12626,4797,15729","0.7966,0.7852,0.7826,0.7772,0.7753,0.7694,0.7689,0.7684,0.7666,0.7663,0.7642,0.7624,0.7621,0.7607,0.7606,0.7604,0.7592,0.7587,0.7585,0.7584",
ev-196,novel,False,True,0.7683216333389301,"38127,37894,793,38274,12858,5890,3455,38289,882,1882,38689,2837,854,38471,1901,5686,778,5069,38451,4196","0.7683,0.7673,0.7665,0.7656,0.7647,0.7645,0.7636,0.7631,0.7606,0.7594,0.7583,0.7579,0.7568,0.7568,0.7566,0.7561,0.7556,0.7539,0.7528,0.7528",
ev-197,novel,False,True,0.7968498854890433,"1069,4802,1970,5078,3403,38521,1288,3390,2408,5076,867,1382,3502,5978,4720,1361,1026,1797,1293,3655","0.7968,0.7879,0.7741,0.7737,0.7647,0.7634,0.7594,0.7574,0.7573,0.7564,0.7564,0.7549,0.7538,0.7533,0.7530,0.7530,0.7517,0.7513,0.7509,0.7508",
ev-198,novel,False,True,0.841088246236833,"2788,847,1095,4815,4977,939,1044,1394,4364,5435,2094,366,3585,5890,3349,4797,2245,5049,5253,3502","0.8411,0.8053,0.8022,0.8010,0.7922,0.7915,0.7913,0.7908,0.7842,0.7825,0.7797,0.7793,0.7781,0.7770,0.7767,0.7760,0.7760,0.7758,0.7756,0.7730",
ev-199,novel,False,True,0.8263955116271973,"3226,579,3809,1748,3095,5421,6111,657,5384,6007,5558,4419,1450,3064,2559,225,646,5931,5202,14726","0.8264,0.8133,0.8108,0.8101,0.8096,0.8095,0.8078,0.8065,0.8055,0.8046,0.8046,0.8044,0.8033,0.8032,0.8031,0.8031,0.8015,0.8013,0.8013,0.8005",
ev-200,novel,False,True,0.8180995800376462,"993,1422,4183,880,4537,4242,4733,874,5191,2788,13354,366,1689,2663,2505,2952,5003,13709,4266,38407","0.8181,0.8105,0.8065,0.8040,0.8037,0.8033,0.8023,0.8013,0.8009,0.7983,0.7969,0.7965,0.7926,0.7915,0.7910,0.7908,0.7906,0.7903,0.7901,0.7896",
ev-201,novel,False,True,0.7657663999378247,"1361,4802,1970,1582,1069,5078,3819,14673,5200,1606,1240,2497,2713,1811,1809,1077,1052,4927,1797,1400","0.7658,0.7625,0.7599,0.7590,0.7569,0.7500,0.7490,0.7465,0.7443,0.7416,0.7368,0.7333,0.7321,0.7295,0.7279,0.7278,0.7259,0.7251,0.7247,0.7242",
ev-202,novel,False,True,0.7938914649357163,"37894,37926,1882,2952,874,882,38451,5158,241,38304,13347,38127,2116,38464,38676,5697,38552,1129,5686,14703","0.7939,0.7898,0.7860,0.7846,0.7830,0.7815,0.7811,0.7809,0.7807,0.7778,0.7776,0.7775,0.7775,0.7769,0.7756,0.7749,0.7739,0.7731,0.7727,0.7718",
ev-203,novel,False,True,0.796750009059906,"3328,5198,1238,3455,1095,751,823,4797,3558,1394,2475,2041,982,15456,38374,986,5058,1876,877,994","0.7968,0.7952,0.7938,0.7833,0.7815,0.7800,0.7798,0.7758,0.7756,0.7744,0.7722,0.7709,0.7706,0.7652,0.7651,0.7647,0.7647,0.7636,0.7610,0.7604",
ev-204,novel,False,True,0.7785916328430176,"1069,4802,1970,5078,4927,13098,2011,14834,1582,5039,4720,3819,1606,1361,5200,13698,1716,4527,1768,1240","0.7786,0.7709,0.7685,0.7682,0.7654,0.7633,0.7616,0.7590,0.7581,0.7571,0.7548,0.7524,0.7513,0.7511,0.7510,0.7503,0.7494,0.7463,0.7458,0.7457",
ev-205,novel,False,True,0.8199006414383843,"847,1044,4680,1095,1103,1394,3539,4364,1916,2788,939,1195,5890,2245,4977,4815,3585,3626,3413,5139","0.8199,0.8167,0.8084,0.8052,0.8051,0.8019,0.8014,0.8014,0.7909,0.7906,0.7900,0.7883,0.7872,0.7867,0.7855,0.7844,0.7819,0.7804,0.7803,0.7786",
ev-206,novel,False,True,0.8153243771002073,"972,5069,874,811,37883,37894,1190,2826,959,3192,2575,1901,6048,5684,445,3053,778,4537,38299,2088","0.8153,0.8130,0.7906,0.7897,0.7896,0.7881,0.7846,0.7841,0.7837,0.7823,0.7820,0.7805,0.7796,0.7790,0.7786,0.7783,0.7773,0.7763,0.7763,0.7759",
ev-207,novel,False,True,0.886607025856408,"38408,366,993,4733,1422,880,2788,1394,867,2137,3754,4266,38776,3410,4437,3949,13354,4120,13506,38315","0.8866,0.8261,0.8259,0.8178,0.8141,0.8057,0.8049,0.8028,0.8014,0.8000,0.7999,0.7967,0.7954,0.7936,0.7929,0.7927,0.7927,0.7920,0.7912,0.7906",
ev-208,novel,False,True,0.7672928731020022,"4802,1026,1069,3393,1582,15245,1361,5078,3976,1970,4129,5200,3428,4068,3914,2507,2658,1571,1165,14673","0.7673,0.7589,0.7586,0.7579,0.7564,0.7563,0.7548,0.7502,0.7501,0.7494,0.7472,0.7463,0.7457,0.7452,0.7430,0.7425,0.7420,0.7414,0.7411,0.7403",
ev-209,novel,False,True,0.814820758721738,"2795,5814,460,5202,3226,266,5686,3190,38637,5384,5881,3280,483,235,5321,3095,225,3076,4388,2813","0.8148,0.8081,0.8076,0.8068,0.8052,0.8052,0.8039,0.8037,0.8029,0.8021,0.7998,0.7995,0.7987,0.7985,0.7964,0.7961,0.7955,0.7954,0.7953,0.7950",
ev-210,novel,False,True,0.7769599556922913,"5890,5650,2245,1648,5918,5279,2426,1383,3805,2225,1882,3426,4038,2864,1559,6130,930,3502,3619,13351","0.7770,0.7752,0.7695,0.7685,0.7667,0.7647,0.7645,0.7618,0.7610,0.7607,0.7602,0.7595,0.7570,0.7563,0.7561,0.7560,0.7557,0.7553,0.7552,0.7551",
ev-211,novel,False,True,0.8119746222465802,"4489,2663,1953,2984,3626,994,681,2496,13354,2143,1866,3558,1394,5253,3553,5027,877,4364,1857,823","0.8120,0.8038,0.7973,0.7944,0.7919,0.7886,0.7881,0.7880,0.7877,0.7875,0.7873,0.7864,0.7863,0.7862,0.7861,0.7850,0.7846,0.7842,0.7836,0.7834",
ev-212,novel,False,True,0.7803755093404224,"37902,874,2331,37894,38304,38088,6046,524,38106,38192,4810,38653,4701,3548,5060,2542,2389,5533,5956,3764","0.7804,0.7739,0.7700,0.7676,0.7646,0.7620,0.7612,0.7606,0.7602,0.7598,0.7591,0.7572,0.7569,0.7565,0.7555,0.7548,0.7546,0.7540,0.7536,0.7529",
ev-213,novel,False,True,0.808253567918923,"4720,1069,5078,1896,4927,1970,4802,38109,14673,1582,3819,1361,518,5891,1592,1044,3169,884,5890,1811","0.8083,0.7891,0.7867,0.7798,0.7734,0.7725,0.7703,0.7696,0.7672,0.7647,0.7640,0.7636,0.7631,0.7621,0.7614,0.7605,0.7599,0.7595,0.7580,0.7557",
ev-214,novel,False,True,0.8282177355029922,"939,1095,3349,847,2788,4815,4680,1044,2245,4364,5890,2094,867,1394,3585,2257,3480,994,366,3539","0.8282,0.8251,0.8245,0.8232,0.8195,0.8192,0.8165,0.8123,0.8114,0.8049,0.8022,0.8020,0.8007,0.7997,0.7992,0.7981,0.7980,0.7975,0.7970,0.7961",
ev-215,novel,False,True,0.827395488464564,"5634,5496,2855,3083,13026,2296,2642,6135,13510,3131,13509,6007,5041,1748,478,13072,225,5671,15346,13866","0.8274,0.8272,0.8270,0.8266,0.8250,0.8248,0.8232,0.8214,0.8207,0.8198,0.8194,0.8180,0.8179,0.8175,0.8173,0.8158,0.8157,0.8155,0.8153,0.8153",
ev-216,novel,False,True,0.8165728479791561,"366,2525,38106,993,1866,1134,38299,793,854,2663,4183,13354,880,12858,939,1394,38022,241,4266,4364","0.8166,0.8157,0.8012,0.7996,0.7969,0.7921,0.7919,0.7918,0.7909,0.7903,0.7897,0.7893,0.7886,0.7881,0.7880,0.7860,0.7859,0.7845,0.7837,0.7825",
ev-217,novel,False,True,0.8014158606529236,"3328,5198,1238,982,4537,3492,3455,1026,3558,986,823,5617,5058,2952,1394,1058,366,2788,751,3691","0.8014,0.7842,0.7839,0.7829,0.7775,0.7734,0.7731,0.7708,0.7697,0.7695,0.7661,0.7631,0.7624,0.7624,0.7621,0.7602,0.7599,0.7595,0.7594,0.7584",
ev-218,novel,False,True,0.7688679695129413,"4802,2245,14673,1361,1970,1069,3403,1382,5200,37951,3651,1606,3850,4655,1582,5078,37974,1396,2061,1400","0.7689,0.7553,0.7507,0.7503,0.7499,0.7483,0.7454,0.7399,0.7394,0.7372,0.7370,0.7355,0.7331,0.7322,0.7308,0.7294,0.7286,0.7284,0.7282,0.7281",
ev-219,novel,False,True,0.8035892753723546,"37894,5908,2837,14227,38552,1854,3441,1882,38161,37916,5913,2157,5686,13358,882,3817,38264,874,1435,14308","0.8036,0.7782,0.7775,0.7754,0.7753,0.7746,0.7742,0.7729,0.7721,0.7695,0.7692,0.7690,0.7685,0.7673,0.7671,0.7667,0.7659,0.7656,0.7655,0.7650",
ev-220,novel,False,True,0.8257646560668945,"847,939,2788,5053,4815,4364,1095,4977,3413,1394,4689,2130,1044,2245,5198,3585,2257,5890,4321,2094","0.8258,0.8212,0.8191,0.8121,0.8116,0.8111,0.8090,0.8058,0.8052,0.8047,0.8033,0.8025,0.8014,0.8014,0.8013,0.7994,0.7982,0.7966,0.7956,0.7952",
ev-221,novel,False,True,0.7699470004423656,"3919,5890,1866,1508,3428,1124,13993,1722,5227,2301,1281,877,4129,5671,4259,4784,1689,1521,3010,4682","0.7699,0.7632,0.7629,0.7597,0.7581,0.7567,0.7557,0.7552,0.7550,0.7543,0.7542,0.7540,0.7540,0.7534,0.7533,0.7531,0.7531,0.7530,0.7524,0.7517",
ev-222,novel,False,True,0.83056450900051,"4242,5191,2663,1866,4537,5617,823,4183,921,2952,993,1026,3764,3455,13354,1062,1090,1953,2984,2505","0.8306,0.8124,0.8121,0.8119,0.8118,0.8044,0.8031,0.8026,0.7993,0.7975,0.7955,0.7943,0.7927,0.7922,0.7917,0.7912,0.7910,0.7907,0.7906,0.7894",
ev-223,novel,False,True,0.8400850486653986,"2728,5717,5774,5600,37859,225,13689,5508,13791,2948,38637,38495,5686,3226,3083,15392,12466,460,2795,5881","0.8401,0.8394,0.8340,0.8260,0.8257,0.8202,0.8191,0.8188,0.8182,0.8170,0.8165,0.8163,0.8153,0.8148,0.8139,0.8136,0.8134,0.8125,0.8123,0.8122",
ev-224,novel,False,True,0.7631167330215418,"1069,4802,1582,4927,3845,4720,1361,1970,5078,5200,3986,884,2275,4527,4195,1240,1606,4472,2011,3641","0.7631,0.7601,0.7594,0.7568,0.7551,0.7512,0.7490,0.7482,0.7453,0.7442,0.7420,0.7410,0.7407,0.7406,0.7405,0.7383,0.7364,0.7352,0.7345,0.7337",
ev-225,novel,False,True,0.8235391080379578,"2788,847,5471,1095,4815,5890,1396,4364,366,4977,5078,939,1394,3349,1044,2145,2245,867,2340,4680","0.8235,0.8127,0.8122,0.8116,0.8067,0.8059,0.8016,0.8011,0.7993,0.7984,0.7974,0.7966,0.7963,0.7949,0.7901,0.7901,0.7897,0.7873,0.7841,0.7821",
ev-226,novel,False,True,0.8043454872532232,"5198,3455,982,38374,3328,5617,3558,5160,1095,681,751,2041,4855,3553,3053,3691,1026,1033,2080,1841","0.8043,0.8016,0.7970,0.7920,0.7897,0.7841,0.7834,0.7807,0.7726,0.7724,0.7720,0.7709,0.7696,0.7690,0.7689,0.7683,0.7676,0.7674,0.7672,0.7669",
ev-227,novel,False,True,0.7612634379048209,"37894,38125,3053,5697,3983,1915,1901,5893,1129,3192,4235,4435,5686,839,37853,38408,459,5556,451,2908","0.7613,0.7563,0.7554,0.7527,0.7493,0.7481,0.7476,0.7474,0.7453,0.7447,0.7444,0.7444,0.7442,0.7434,0.7430,0.7427,0.7422,0.7419,0.7418,0.7418",
ev-228,novel,False,True,0.7709684210438521,"4802,1240,1361,1069,3819,1970,5200,4655,1582,3651,14673,5078,1811,1126,4588,1734,1666,1913,1400,2227","0.7710,0.7692,0.7541,0.7518,0.7491,0.7486,0.7451,0.7429,0.7421,0.7382,0.7340,0.7339,0.7333,0.7268,0.7260,0.7249,0.7236,0.7225,0.7225,0.7218",
ev-229,novel,False,True,0.8111437817473071,"4242,4183,993,5191,366,2952,2663,4537,2137,4733,13354,4266,1422,880,3455,2788,1866,787,3646,854","0.8111,0.8079,0.8073,0.7989,0.7951,0.7921,0.7920,0.7909,0.7907,0.7895,0.7894,0.7886,0.7884,0.7874,0.7862,0.7853,0.7852,0.7839,0.7821,0.7815",
ev-230,novel,False,True,0.7830783347896731,"823,877,5198,5058,1394,982,3455,3553,1062,1866,5645,357,2984,5027,1953,1876,4489,921,1026,38408","0.7831,0.7822,0.7817,0.7807,0.7792,0.7790,0.7787,0.7777,0.7771,0.7737,0.7731,0.7718,0.7713,0.7712,0.7705,0.7703,0.7697,0.7695,0.7690,0.7690",
ev-231,adversarial_paraphrase,False,True,0.8110917548373189,"901,2518,3936,1046,3722,1386,2125,4086,1113,5160,3494,3178,4428,3053,222,2799,1195,3434,1135,38232","0.8111,0.8069,0.8054,0.7955,0.7916,0.7818,0.7809,0.7692,0.7668,0.7619,0.7616,0.7615,0.7610,0.7528,0.7521,0.7506,0.7484,0.7475,0.7467,0.7459",
ev-232,adversarial_paraphrase,False,True,0.8122959639937901,"1046,901,2518,4086,1386,2125,3936,2225,1195,3178,2243,5453,5928,4428,5160,2454,2107,3800,2136,2273","0.8123,0.8121,0.8056,0.7944,0.7930,0.7904,0.7860,0.7723,0.7701,0.7662,0.7629,0.7612,0.7612,0.7605,0.7601,0.7594,0.7593,0.7582,0.7582,0.7572",
ev-233,adversarial_paraphrase,False,True,0.8351090150941592,"1046,901,5928,1386,2518,4086,3936,3434,2125,5453,2839,5249,3772,4428,764,6087,1598,5709,1195,2821","0.8351,0.8104,0.7994,0.7948,0.7942,0.7925,0.7903,0.7829,0.7804,0.7771,0.7770,0.7732,0.7720,0.7711,0.7697,0.7693,0.7675,0.7655,0.7653,0.7634",
ev-234,adversarial_paraphrase,False,True,0.8330980142238122,"901,2518,4086,3936,1046,1386,2125,4428,2482,1195,3772,4487,1209,2496,5617,3924,495,5928,4260,847","0.8331,0.8262,0.8257,0.8251,0.8203,0.8002,0.7981,0.7970,0.7811,0.7793,0.7779,0.7769,0.7766,0.7762,0.7748,0.7738,0.7724,0.7719,0.7710,0.7707",
ev-235,adversarial_paraphrase,False,True,0.8246217981657156,"5875,901,4640,2518,1046,1386,3936,2225,3425,1103,930,1195,2125,847,2482,2712,5890,4375,4316,5453","0.8246,0.8211,0.8118,0.8069,0.8065,0.8050,0.8045,0.7968,0.7954,0.7900,0.7884,0.7867,0.7827,0.7811,0.7768,0.7756,0.7754,0.7727,0.7723,0.7703",
ev-236,adversarial_paraphrase,False,True,0.838818589519347,"901,4086,1386,3936,1046,2518,4428,1598,1798,930,5404,2125,3924,4847,860,5602,1055,764,5122,1209","0.8388,0.8337,0.8204,0.8173,0.8092,0.7999,0.7988,0.7970,0.7889,0.7870,0.7859,0.7851,0.7824,0.7800,0.7791,0.7781,0.7780,0.7777,0.7762,0.7759",
ev-237,adversarial_paraphrase,False,True,0.8434545891447501,"1386,901,2225,1046,2518,5875,2712,3936,5139,4487,3651,4864,1195,1471,3434,930,2482,4680,2034,1209","0.8435,0.8430,0.8331,0.8308,0.8137,0.8026,0.8023,0.8001,0.7978,0.7935,0.7929,0.7921,0.7915,0.7904,0.7871,0.7866,0.7865,0.7864,0.7851,0.7849",
ev-238,adversarial_paraphrase,False,True,0.816702066365076,"1386,901,1046,2518,847,3936,4086,2712,5139,4364,4428,1195,5875,2125,1103,3750,2225,2482,1209,1906","0.8167,0.8157,0.8132,0.8119,0.8081,0.8069,0.7970,0.7965,0.7935,0.7933,0.7914,0.7896,0.7887,0.7866,0.7865,0.7860,0.7856,0.7820,0.7799,0.7779",
ev-239,adversarial_paraphrase,False,True,0.8258995912701026,"1386,901,1046,2518,4086,3936,5139,3434,2125,1209,5928,5453,1195,4428,1913,3178,1598,495,3772,5160","0.8259,0.8246,0.8215,0.8172,0.8152,0.8122,0.7909,0.7847,0.7845,0.7839,0.7816,0.7801,0.7770,0.7730,0.7712,0.7704,0.7698,0.7693,0.7691,0.7690",
ev-240,adversarial_paraphrase,False,True,0.8378218807088214,"1046,901,1386,4428,2518,3936,2225,5875,847,1209,4375,2125,1129,1195,2273,3934,4632,387,359,2107","0.8378,0.8227,0.8213,0.7998,0.7983,0.7969,0.7955,0.7833,0.7820,0.7791,0.7772,0.7753,0.7753,0.7734,0.7732,0.7725,0.7712,0.7706,0.7702,0.7681",
ev-241,adversarial_paraphrase,False,True,0.7880331788053224,"923,3722,2298,1113,1760,1238,2225,3772,2254,4428,930,3178,1386,1297,3936,2474,288,5160,3397,38097","0.7880,0.7655,0.7651,0.7603,0.7551,0.7540,0.7521,0.7505,0.7500,0.7499,0.7482,0.7464,0.7458,0.7455,0.7442,0.7434,0.7433,0.7430,0.7422,0.7419",
ev-242,adversarial_paraphrase,False,True,0.8098896897102164,"14508,38502,882,2253,3328,3494,2496,13633,4196,751,3011,6032,5487,4102,38624,4988,853,5697,633,4017","0.8099,0.8053,0.7974,0.7908,0.7865,0.7837,0.7804,0.7771,0.7771,0.7759,0.7754,0.7702,0.7678,0.7677,0.7675,0.7671,0.7663,0.7655,0.7652,0.7652",
ev-243,adversarial_paraphrase,False,True,0.7925698619231851,"14508,2298,3328,4102,751,3011,38502,4303,2253,5548,38624,13633,14554,874,4500,38794,5418,3494,1238,4068","0.7926,0.7807,0.7776,0.7745,0.7722,0.7722,0.7714,0.7711,0.7694,0.7693,0.7685,0.7656,0.7648,0.7648,0.7612,0.7603,0.7597,0.7593,0.7591,0.7586",
ev-244,adversarial_paraphrase,False,True,0.7750870749406268,"38027,366,2837,37847,6055,5978,14733,38777,4038,5891,37839,38104,451,37868,216,38484,38397,38090,38140,946","0.7751,0.7675,0.7641,0.7635,0.7584,0.7581,0.7538,0.7531,0.7531,0.7519,0.7514,0.7514,0.7513,0.7511,0.7504,0.7503,0.7503,0.7500,0.7493,0.7492",
ev-245,adversarial_paraphrase,False,True,0.8482699873125593,"406,2884,5617,15727,15296,5640,1689,5616,1386,5811,2547,15916,13567,15098,2748,357,14766,3999,718,3532","0.8483,0.8195,0.8170,0.8152,0.8125,0.7994,0.7918,0.7918,0.7899,0.7880,0.7865,0.7844,0.7832,0.7823,0.7810,0.7809,0.7806,0.7805,0.7802,0.7798",
ev-246,adversarial_paraphrase,False,True,0.8164493550986441,"901,2518,1046,3936,1386,2125,5928,4086,5453,4428,4375,5554,1598,265,1195,5139,4760,764,4559,4487","0.8164,0.8081,0.8076,0.7993,0.7971,0.7908,0.7864,0.7848,0.7761,0.7716,0.7702,0.7681,0.7675,0.7649,0.7646,0.7643,0.7639,0.7631,0.7626,0.7621",
ev-247,adversarial_paraphrase,False,True,0.8020868177206972,"14508,823,4196,3328,14439,4102,15398,13169,2253,38502,2041,14591,3011,751,14554,4317,3053,4437,1137,13633","0.8021,0.7760,0.7726,0.7675,0.7653,0.7622,0.7611,0.7590,0.7590,0.7575,0.7570,0.7569,0.7565,0.7545,0.7523,0.7511,0.7474,0.7457,0.7452,0.7451",
ev-248,adversarial_paraphrase,False,True,0.7466535339733291,"38128,441,333,2573,4492,366,839,5686,3428,3887,4720,38510,13751,37986,1525,442,4849,37950,2788,2948","0.7467,0.7405,0.7404,0.7399,0.7395,0.7341,0.7279,0.7272,0.7271,0.7270,0.7262,0.7252,0.7234,0.7229,0.7229,0.7229,0.7229,0.7228,0.7225,0.7220",
ev-249,adversarial_paraphrase,False,True,0.7791841376557327,"14508,3328,13633,38502,14554,3494,4196,1238,2253,882,4102,37912,3722,1095,4492,3455,751,278,858,1410","0.7792,0.7700,0.7688,0.7649,0.7625,0.7610,0.7575,0.7567,0.7564,0.7512,0.7505,0.7493,0.7457,0.7423,0.7414,0.7408,0.7399,0.7393,0.7383,0.7373",
ev-250,adversarial_paraphrase,False,True,0.8648349425295037,"1386,901,2518,3936,1046,2225,4086,4428,4487,1195,1598,4375,5139,3772,1410,3924,930,1209,2482,2034","0.8648,0.8341,0.8299,0.8220,0.8208,0.8040,0.7996,0.7995,0.7982,0.7937,0.7890,0.7887,0.7878,0.7825,0.7808,0.7798,0.7797,0.7786,0.7777,0.7761",
ev-251,adversarial_market_overlap,False,True,0.8701753538951496,"2269,5142,2181,5102,3889,2885,1295,3788,5623,5512,5065,4536,4613,2330,5207,5565,3854,1552,2713,4276","0.8702,0.8578,0.8458,0.8397,0.8352,0.8334,0.8328,0.8322,0.8310,0.8307,0.8271,0.8269,0.8251,0.8250,0.8230,0.8227,0.8208,0.8201,0.8180,0.8178",
ev-252,adversarial_market_overlap,False,True,0.83038608250701,"2713,4536,272,12576,4432,3539,5425,3375,15493,860,4079,1468,14206,38422,590,4752,2401,3413,14819,12521","0.8304,0.8190,0.8084,0.8025,0.7994,0.7982,0.7966,0.7962,0.7936,0.7930,0.7921,0.7919,0.7912,0.7887,0.7869,0.7858,0.7841,0.7827,0.7824,0.7823",
ev-253,adversarial_market_overlap,False,True,0.8332749009132385,"2873,1956,860,4319,2340,4129,4536,4479,1643,5203,15493,12097,1306,1491,4628,681,1468,5201,38585,4626","0.8333,0.8321,0.8294,0.8291,0.8266,0.8237,0.8191,0.8190,0.8188,0.8169,0.8149,0.8138,0.8127,0.8115,0.8110,0.8106,0.8100,0.8098,0.8096,0.8085",
ev-254,adversarial_market_overlap,False,True,0.8393177592347723,"2713,4743,1343,272,5623,5073,4536,5203,896,4432,1071,3508,2626,3377,2204,2135,4142,860,12576,2138","0.8393,0.8269,0.8255,0.8244,0.8211,0.8183,0.8177,0.8158,0.8157,0.8148,0.8147,0.8144,0.8081,0.8051,0.8048,0.8033,0.8030,0.8025,0.8023,0.8010",
ev-255,adversarial_market_overlap,False,True,0.864007326601189,"5795,5571,4536,2713,4432,1655,2572,4433,272,4950,2328,5838,5843,2560,6121,1468,4011,2269,2266,5356","0.8640,0.8474,0.8418,0.8389,0.8341,0.8331,0.8320,0.8297,0.8281,0.8231,0.8168,0.8157,0.8135,0.8130,0.8090,0.8075,0.8039,0.8034,0.8016,0.8011",
ev-256,adversarial_market_overlap,False,True,0.8314070705043553,"272,2713,4536,1521,4432,2138,12576,2266,3558,1917,4877,5997,2140,857,5425,860,3455,15493,3119,2161","0.8314,0.8273,0.8184,0.8130,0.8107,0.8105,0.7937,0.7924,0.7907,0.7905,0.7897,0.7879,0.7866,0.7856,0.7846,0.7845,0.7842,0.7839,0.7832,0.7828",
ev-257,adversarial_market_overlap,False,True,0.8401696073705667,"272,4536,4432,2713,5425,2266,4202,1018,3502,15493,3401,5168,5201,1900,366,4668,914,5122,38422,2788","0.8402,0.8351,0.8270,0.8230,0.7819,0.7812,0.7810,0.7790,0.7717,0.7705,0.7700,0.7684,0.7602,0.7601,0.7598,0.7595,0.7577,0.7572,0.7569,0.7563",
ev-258,adversarial_market_overlap,False,True,0.841808337949715,"3542,272,4432,2713,5425,4536,12521,38422,12576,2290,1391,15493,5168,860,881,3594,847,2138,3539,3413","0.8418,0.8351,0.8322,0.8298,0.8207,0.8204,0.8198,0.8137,0.8115,0.8082,0.8081,0.8011,0.8006,0.7999,0.7972,0.7969,0.7965,0.7962,0.7959,0.7954",
ev-259,adversarial_market_overlap,False,True,0.8497067779477427,"1343,2914,14512,4536,211,3170,2713,5796,1470,5387,2931,5550,2442,6077,3508,13805,3119,2515,12325,4783","0.8497,0.8464,0.8416,0.8383,0.8368,0.8360,0.8359,0.8354,0.8320,0.8270,0.8239,0.8231,0.8223,0.8215,0.8213,0.8210,0.8209,0.8203,0.8203,0.8201",
ev-260,adversarial_market_overlap,False,True,0.8251911401748657,"2713,860,4726,2401,12576,4533,2277,2050,1857,15493,5433,633,1432,2343,2060,1939,2352,1055,428,1771","0.8252,0.8191,0.8104,0.8085,0.8068,0.8026,0.8024,0.8013,0.8012,0.8009,0.8008,0.8002,0.7987,0.7985,0.7968,0.7966,0.7966,0.7965,0.7961,0.7941",
ev-261,adversarial_market_overlap,False,True,0.8333129485472526,"2717,3891,4977,4492,5455,2482,5196,2648,1537,3752,2529,4629,4461,1876,2943,5435,4496,4806,3751,2693","0.8333,0.8281,0.8280,0.8272,0.8204,0.8199,0.8197,0.8172,0.8167,0.8164,0.8121,0.8119,0.8074,0.8072,0.8044,0.8034,0.8028,0.8002,0.8002,0.7985",
ev-262,adversarial_market_overlap,False,True,0.8255147039890289,"3703,219,4257,2157,2846,1435,4621,15252,5494,5709,14227,3223,6090,4397,5928,12537,631,4325,2721,38332","0.8255,0.8208,0.8107,0.8098,0.8066,0.8061,0.8047,0.8023,0.8001,0.7976,0.7973,0.7961,0.7928,0.7927,0.7913,0.7912,0.7909,0.7892,0.7850,0.7848",
ev-263,adversarial_market_overlap,False,True,0.8398294156637278,"3442,4730,4192,1062,6140,38261,4785,2621,1606,3345,3299,4681,1855,4343,12776,12616,4886,2635,5173,1065","0.8398,0.8378,0.8264,0.8236,0.8181,0.8158,0.8158,0.8146,0.8133,0.8118,0.8116,0.8111,0.8091,0.8072,0.8058,0.8055,0.8040,0.8034,0.8031,0.8031",
ev-264,adversarial_market_overlap,False,True,0.8155641587559899,"4891,3174,3959,38358,3278,4828,2861,5267,5680,1680,881,5864,6016,5804,1079,4254,903,3244,5634,460","0.8156,0.7965,0.7951,0.7931,0.7837,0.7798,0.7797,0.7795,0.7791,0.7775,0.7760,0.7728,0.7726,0.7720,0.7715,0.7714,0.7710,0.7695,0.7690,0.7687",
ev-265,adversarial_market_overlap,False,True,0.8178599164956735,"12850,5617,4576,13111,3693,1004,1062,12897,14442,14443,768,2623,1084,14633,707,5675,15422,14885,13738,1927","0.8179,0.8176,0.8075,0.8002,0.7972,0.7968,0.7967,0.7957,0.7900,0.7886,0.7881,0.7879,0.7847,0.7844,0.7836,0.7836,0.7834,0.7824,0.7823,0.7817",
ev-266,adversarial_market_overlap,False,True,0.8167560994625092,"358,1470,1573,2307,743,4334,4685,2424,5494,15682,3566,1635,4149,3057,4799,2599,4041,4408,1951,2789","0.8168,0.8150,0.8140,0.8015,0.8008,0.8007,0.8003,0.7998,0.7966,0.7962,0.7961,0.7943,0.7943,0.7934,0.7930,0.7915,0.7911,0.7902,0.7899,0.7899",
ev-267,adversarial_market_overlap,False,True,0.8012972829406357,"2535,12996,2427,15304,2879,14651,4693,4195,6086,253,6034,14650,38391,5538,438,3937,14649,3387,589,202","0.8013,0.7994,0.7875,0.7748,0.7735,0.7712,0.7706,0.7675,0.7672,0.7638,0.7633,0.7624,0.7621,0.7610,0.7602,0.7594,0.7584,0.7582,0.7578,0.7578",
ev-268,adversarial_market_overlap,False,True,0.8648946607364033,"1537,2482,2717,4492,3891,5455,4461,5189,5196,1732,994,4806,1999,1925,1394,3413,4629,3376,1479,4738","0.8649,0.8569,0.8555,0.8519,0.8498,0.8496,0.8467,0.8439,0.8438,0.8399,0.8329,0.8312,0.8255,0.8247,0.8210,0.8207,0.8195,0.8183,0.8181,0.8163",
ev-269,adversarial_market_overlap,False,True,0.800804388475157,"14227,4325,5913,1435,4257,2157,38332,1238,15252,4397,2735,3916,38161,1917,2107,37894,3817,1394,4802,3397","0.8008,0.7921,0.7904,0.7849,0.7828,0.7787,0.7771,0.7757,0.7756,0.7749,0.7747,0.7726,0.7709,0.7708,0.7697,0.7694,0.7680,0.7680,0.7674,0.7666",
ev-270,adversarial_market_overlap,False,True,0.8035382149494763,"5934,254,5707,5128,4008,2830,2727,5370,4545,5116,1509,377,4570,2288,3000,2886,897,6039,3221,2279","0.8035,0.7964,0.7837,0.7825,0.7801,0.7796,0.7789,0.7753,0.7746,0.7731,0.7719,0.7709,0.7706,0.7703,0.7695,0.7679,0.7668,0.7665,0.7661,0.7660",
ev-271,adversarial_same_tech_diff_domain,False,True,0.8545905736332846,"575,2123,1567,5428,3458,4828,2499,3272,4183,15779,13095,13953,15012,6053,5369,736,37859,4746,2728,854","0.8546,0.8495,0.8486,0.8447,0.8367,0.8309,0.8289,0.8217,0.8216,0.8204,0.8201,0.8193,0.8149,0.8134,0.8116,0.8111,0.8111,0.8092,0.8081,0.8066",
ev-272,adversarial_same_tech_diff_domain,False,True,0.8750322833638029,"4828,5428,2499,1567,3272,3802,38440,13455,1067,3458,2701,736,5553,2857,38265,12446,5528,12971,4544,15357","0.8750,0.8437,0.8378,0.8338,0.8251,0.8179,0.8127,0.8126,0.8090,0.8082,0.8044,0.8007,0.8003,0.7996,0.7943,0.7942,0.7927,0.7912,0.7907,0.7901",
ev-273,adversarial_same_tech_diff_domain,False,True,0.8510172126252169,"1567,2715,4828,2499,5428,2541,2866,1134,3272,5067,6086,2525,2314,15012,2696,2728,5383,3458,4231,2721","0.8510,0.8392,0.8371,0.8302,0.8276,0.8170,0.8168,0.8149,0.8140,0.8113,0.8104,0.8099,0.8094,0.8078,0.8073,0.8073,0.8056,0.8053,0.8038,0.8034",
ev-274,adversarial_same_tech_diff_domain,False,True,0.8623004370032497,"15611,14577,12957,12762,4567,12404,12424,15859,5428,15754,14818,12723,12947,15857,5085,13038,15546,14109,13332,13614","0.8623,0.8602,0.8598,0.8582,0.8576,0.8559,0.8491,0.8491,0.8488,0.8488,0.8460,0.8460,0.8452,0.8446,0.8426,0.8418,0.8417,0.8406,0.8403,0.8354",
ev-275,adversarial_same_tech_diff_domain,False,True,0.8557842333702681,"1567,5038,5428,38495,13940,4828,37952,5632,4388,3272,3458,38054,5600,2499,3271,5639,1738,736,3802,983","0.8558,0.8411,0.8357,0.8269,0.8224,0.8213,0.8198,0.8175,0.8165,0.8163,0.8155,0.8149,0.8146,0.8134,0.8126,0.8125,0.8111,0.8099,0.8093,0.8089",
ev-276,adversarial_same_tech_diff_domain,False,True,0.825589091970492,"1567,37974,38511,38068,4828,3272,807,1067,5428,1977,2499,38575,3458,13456,1738,2908,37894,12286,3218,3181","0.8256,0.8180,0.8146,0.8137,0.8085,0.8082,0.8041,0.8035,0.8025,0.8022,0.8012,0.8001,0.7988,0.7975,0.7952,0.7950,0.7932,0.7931,0.7913,0.7910",
ev-277,adversarial_same_tech_diff_domain,False,True,0.8564358524756608,"4828,5428,1567,3272,2879,4183,3458,4579,3220,736,13455,13095,15779,1067,38033,2721,2499,13450,38229,13456","0.8564,0.8396,0.8347,0.8223,0.8184,0.8158,0.8145,0.8145,0.8129,0.8128,0.8128,0.8082,0.8072,0.8067,0.8055,0.8051,0.8049,0.8045,0.8030,0.8021",
ev-278,adversarial_same_tech_diff_domain,False,True,0.8628236382428078,"5428,1567,4828,3272,2499,3458,1067,3146,3150,14150,3658,13318,15012,12585,854,14836,38299,3802,4183,15791","0.8628,0.8596,0.8339,0.8295,0.8241,0.8195,0.8107,0.8096,0.8095,0.8093,0.8087,0.8064,0.8050,0.8019,0.8007,0.8007,0.7990,0.7984,0.7975,0.7970",
ev-279,adversarial_same_tech_diff_domain,False,True,0.9051396122325167,"5428,4436,5282,1567,4828,12971,3272,5001,5522,1280,2609,14150,3458,3624,4932,4183,2615,1067,2499,38398","0.9051,0.8525,0.8475,0.8383,0.8299,0.8261,0.8222,0.8179,0.8176,0.8174,0.8171,0.8150,0.8135,0.8129,0.8114,0.8104,0.8091,0.8084,0.8081,0.8056",
ev-280,adversarial_same_tech_diff_domain,False,True,0.8323807816278475,"4828,5371,2499,5428,1571,736,1567,3458,4183,15752,3256,4579,3272,13455,4800,574,14233,400,909,4904","0.8324,0.8190,0.8179,0.8126,0.8125,0.8122,0.8057,0.8032,0.8020,0.8009,0.7957,0.7944,0.7927,0.7922,0.7917,0.7916,0.7905,0.7900,0.7898,0.7878",
ev-281,adversarial_same_tech_diff_domain,False,True,0.8242288248129805,"37974,3802,1738,5879,5428,4828,4183,4587,4596,12286,3271,4823,3218,4396,1567,5508,5384,3458,1452,1422","0.8242,0.8163,0.8136,0.8131,0.8107,0.8082,0.8049,0.8045,0.8037,0.8033,0.8030,0.8017,0.7976,0.7976,0.7975,0.7964,0.7956,0.7954,0.7951,0.7940",
ev-282,adversarial_same_tech_diff_domain,False,True,0.8335053622415021,"5428,4828,736,14574,1567,3272,2893,1756,2499,4183,13095,5826,2190,37983,3458,2911,948,37859,1004,3488","0.8335,0.8115,0.8040,0.8039,0.8022,0.7971,0.7965,0.7962,0.7948,0.7945,0.7943,0.7933,0.7930,0.7923,0.7916,0.7914,0.7912,0.7904,0.7898,0.7888",
ev-283,adversarial_same_tech_diff_domain,False,True,0.8369160391738397,"4828,867,5428,3458,3349,1567,977,13126,1756,2499,11995,14150,5826,394,5227,681,2861,4183,518,12961","0.8369,0.8257,0.8227,0.8210,0.8203,0.8189,0.8175,0.8170,0.8093,0.8080,0.8076,0.8065,0.8046,0.8001,0.8000,0.7989,0.7986,0.7984,0.7972,0.7962",
ev-284,adversarial_same_tech_diff_domain,False,True,0.8164609293388235,"5428,4828,1567,2499,2715,3458,3272,38229,854,1738,15012,4183,2728,736,3256,15752,5826,37859,15779,6086","0.8165,0.8147,0.8130,0.8103,0.8077,0.8036,0.7991,0.7936,0.7918,0.7915,0.7908,0.7904,0.7903,0.7894,0.7889,0.7877,0.7874,0.7873,0.7873,0.7873",
ev-285,adversarial_same_tech_diff_domain,False,True,0.8369796865618795,"4828,5428,655,15012,1567,2171,736,5926,979,4675,2936,5604,2528,3070,3458,3272,5395,291,6026,2645","0.8370,0.8186,0.8172,0.8166,0.8138,0.8124,0.8081,0.8052,0.8051,0.8047,0.8039,0.8033,0.8025,0.8020,0.8015,0.8011,0.8002,0.7986,0.7986,0.7981",
ev-286,adversarial_same_tech_diff_domain,False,True,0.8327988187790674,"5428,5785,413,15667,1567,2893,4862,5369,5715,2499,3802,4183,37851,3272,5826,14150,869,3458,4596,4828","0.8328,0.8208,0.8184,0.8170,0.8170,0.8145,0.8133,0.8130,0.8124,0.8104,0.8085,0.8076,0.8068,0.8042,0.8021,0.8020,0.7988,0.7979,0.7974,0.7973",
ev-287,adversarial_same_tech_diff_domain,False,True,0.847417799100078,"5428,4828,1567,3272,5320,3458,4183,37859,15667,2499,14150,1067,38229,13457,4596,5685,12714,2632,13596,5756","0.8474,0.8332,0.8264,0.8247,0.8182,0.8181,0.8180,0.8101,0.8075,0.8055,0.8048,0.8019,0.8018,0.8006,0.7996,0.7965,0.7965,0.7965,0.7955,0.7953",
ev-288,adversarial_same_tech_diff_domain,False,True,0.8248934671600266,"1567,38511,5428,2499,3272,38054,1738,37952,3271,4828,3458,3802,5632,38495,983,4183,37839,909,5639,347","0.8249,0.8165,0.8102,0.8063,0.8028,0.8022,0.7983,0.7971,0.7968,0.7966,0.7922,0.7910,0.7907,0.7904,0.7887,0.7887,0.7878,0.7869,0.7860,0.7852",
ev-289,adversarial_same_tech_diff_domain,False,True,0.8365369433396614,"1567,2499,5428,4828,3272,4183,3802,38541,13457,3458,854,37859,3636,3658,5033,37858,1067,1502,3752,2541","0.8365,0.8195,0.8113,0.8016,0.7954,0.7950,0.7927,0.7918,0.7910,0.7906,0.7898,0.7837,0.7816,0.7809,0.7792,0.7788,0.7787,0.7780,0.7764,0.7759",
ev-290,adversarial_same_tech_diff_domain,False,True,0.8720656335353851,"2499,1567,4828,400,2696,1067,5428,736,4800,4183,2834,3458,2879,3272,4450,15779,1134,13457,438,909","0.8721,0.8281,0.8263,0.8167,0.8130,0.8126,0.8106,0.8094,0.8066,0.8058,0.7989,0.7985,0.7982,0.7981,0.7976,0.7964,0.7945,0.7919,0.7904,0.7903",
ev-291,adversarial_temporal,False,True,0.8359317684071925,"4879,807,2061,2107,4626,3894,3845,13902,5191,15523,860,433,2506,5024,3814,5188,4129,2340,5200,3850","0.8359,0.8310,0.8246,0.8205,0.8203,0.8162,0.8154,0.8091,0.8043,0.8021,0.8015,0.7987,0.7961,0.7960,0.7938,0.7931,0.7929,0.7924,0.7920,0.7919",
ev-292,adversarial_temporal,False,True,0.8277790556349065,"3651,3616,2225,2107,1731,5076,2454,3924,3578,1992,4549,1169,2273,1598,5154,4864,3800,2136,1126,4123","0.8278,0.8246,0.8212,0.8132,0.8122,0.8108,0.8103,0.8099,0.8030,0.8025,0.8000,0.7970,0.7970,0.7963,0.7962,0.7958,0.7944,0.7925,0.7922,0.7909",
ev-293,adversarial_temporal,False,True,0.837608585500206,"14290,2560,4653,4516,1065,1149,2166,3994,4919,3631,1422,4946,1855,15544,4365,880,2369,4550,971,5665","0.8376,0.8364,0.8301,0.8291,0.8215,0.8195,0.8194,0.8179,0.8171,0.8170,0.8158,0.8153,0.8142,0.8127,0.8121,0.8118,0.8116,0.8098,0.8095,0.8077",
ev-294,adversarial_temporal,False,True,0.827946166036909,"4879,2061,15081,3497,1093,38375,1026,5188,4626,961,38134,3211,14882,38054,4076,38495,5639,5632,38328,1643","0.8279,0.8276,0.8144,0.8135,0.8134,0.8094,0.8079,0.8029,0.8024,0.8023,0.8007,0.7998,0.7996,0.7995,0.7991,0.7981,0.7957,0.7952,0.7944,0.7934",
ev-295,adversarial_temporal,False,True,0.7826889837589559,"3948,1078,2488,4207,5148,1623,37981,4964,1777,14590,2471,1429,5437,2307,3203,305,231,2739,15431,3673","0.7827,0.7799,0.7703,0.7690,0.7671,0.7651,0.7644,0.7639,0.7590,0.7589,0.7584,0.7572,0.7565,0.7563,0.7562,0.7561,0.7550,0.7542,0.7542,0.7535",
ev-296,adversarial_temporal,False,True,0.8128423281218015,"912,37901,38530,6082,4003,11932,12376,4120,12861,38420,4619,1496,751,38550,6043,14062,2446,1130,500,15102","0.8128,0.7964,0.7948,0.7883,0.7857,0.7840,0.7826,0.7792,0.7770,0.7754,0.7724,0.7721,0.7708,0.7704,0.7692,0.7688,0.7661,0.7660,0.7643,0.7617",
ev-297,adversarial_temporal,False,True,0.871062763269981,"3410,3540,4364,257,1866,5890,3704,1442,718,847,5811,4171,4816,1999,1103,5198,1195,3539,571,5340","0.8711,0.8128,0.8078,0.8062,0.8041,0.8024,0.7976,0.7931,0.7870,0.7865,0.7845,0.7842,0.7836,0.7833,0.7826,0.7820,0.7805,0.7798,0.7787,0.7787",
ev-298,adversarial_temporal,False,True,0.7819061577320179,"4233,901,5270,2984,38447,2496,751,4428,4415,5160,4597,3722,4411,4855,3936,3614,1046,4003,5137,2482","0.7819,0.7734,0.7708,0.7700,0.7683,0.7643,0.7643,0.7632,0.7624,0.7623,0.7621,0.7616,0.7599,0.7597,0.7587,0.7582,0.7563,0.7553,0.7549,0.7537",
ev-299,adversarial_temporal,False,True,0.8580404093217464,"6111,5904,3111,5587,2141,225,5883,12176,5721,15460,13697,3131,12066,15644,3035,5108,3395,266,13570,432","0.8580,0.8447,0.8365,0.8348,0.8342,0.8326,0.8307,0.8256,0.8242,0.8216,0.8198,0.8195,0.8187,0.8169,0.8131,0.8129,0.8126,0.8103,0.8097,0.8096",
ev-300,adversarial_temporal,False,True,0.8520753278709927,"2157,631,4522,15336,37901,2455,1435,15074,14408,12176,15729,14761,14224,12536,14309,6111,13006,14227,4257,3866","0.8521,0.8368,0.8182,0.8152,0.8136,0.8135,0.8110,0.8105,0.8103,0.8086,0.8074,0.8063,0.8050,0.8048,0.8020,0.8010,0.8004,0.8001,0.7985,0.7985",
